date,news
2008-10-31,"Megjelenik Satoshi Nakamoto Bitcoin whitepaperje, amely egy bankoktól független, peer-to-peer elektronikus pénzrendszert vázol fel, és elindítja a későbbi Bitcoin-ökoszisztéma szellemi alapjait."
2009-01-03,"Elindul a Bitcoin hálózat: Satoshi kibányássza a genesis blokkot, amely a 'Chancellor on brink of second bailout for banks' újságcímre utal, erős narratívát adva az új, infláció ellen védett pénz koncepciójának."
2010-05-22,"Lebonyolódik a híres 'pizzatranzakció': 10 000 BTC-ért két pizzát vesznek, ami az első dokumentált reálgazdasági Bitcoin-vásárlás, és visszamenőleg mérföldkő az árfolyam történetében."
2011-06-01,"A Mt.Gox tőzsdén súlyos biztonsági incidens és flash crash történik, a BTC árfolyama rövid időre gyakorlatilag nullára zuhan, majd visszapattan; ez ráirányítja a figyelmet a tőzsdekockázatokra és a volatilitásra."
2012-11-28,"Lezajlik az első Bitcoin-halving: a blokkjutalom 50 BTC-ről 25 BTC-re csökken, ami tartósan mérsékli az új kínálatot, és hosszabb távon bikapiaci narratívát épít az eszköz köré."
2013-01-01,"Az év elején erősödik a médiafigyelem és a befektetői érdeklődés a Bitcoin iránt, az árfolyam 13 USD körüli szintről indul és fokozatosan emelkedni kezd, miközben egyre több új tőzsde és pénztárcaszolgáltató jelenik meg."
2013-02-01,"Februárban nő a kereskedési forgalom és a spekuláció, a növekvő likviditás és az euróövezeti adósságválsággal kapcsolatos aggodalmak erősítik a Bitcoin 'digitális menedék' narratíváját."
2013-03-01,"A ciprusi bankválság és a betétbefagyasztások hírei felerősítik a bizalmatlanságot a hagyományos bankrendszerrel szemben; a Bitcoin iránt ugrásszerű érdeklődés jelenik meg, sokan alternatív értéktárolóként tekintenek rá."
2013-04-01,"Áprilisban az első nagy Bitcoin-buborék alakul ki: az ár néhány hét alatt 266 USD fölé szárnyal, majd hirtelen összeomlik 50–100 USD közé, ami megmutatja a piac extrém volatilitását és a spekulatív tőkebeáramlást."
2013-05-01,"A piac a tavaszi összeomlás után konszolidálódik, a szabályozók világszerte vizsgálni kezdik a kriptotőzsdék jogi státuszát, miközben nő a kisbefektetői és technológiai közösségi érdeklődés."
2013-06-01,"Az amerikai hatóságok pénzmosás-ellenes szabályok alá kezdik sorolni a kriptotőzsdéket, egyes szolgáltatók számláit befagyasztják; a hírek rövid távú bizonytalanságot, de hosszabb távon intézményesedést jeleznek."
2013-07-01,"A nyár folyamán újabb kereskedési platformok indulnak, illetve több nagyobb kereskedő (pl. online szolgáltatók) kísérletezni kezd a Bitcoin elfogadásával, ami támogatja az 'elfogadottság növekszik' narratívát."
2013-08-01,"Android-os Bitcoin-pénztárcáknál feltárt kriptográfiai hiba és néhány kisebb hack rámutat a technikai kockázatokra, ugyanakkor gyors javítások érkeznek, erősítve az open-source fejlesztői közösség szerepét."
2013-09-01,"Németország 'magánpénzként' ismeri el a Bitcoint adózási szempontból, miközben a kereskedési forgalom tovább nő; a szabályozói elismerés vegyes, de legitimáló hatású sok befektető számára."
2013-10-02,"Az FBI lekapcsolja a Silk Road darknet piacteret és lefoglal egy nagy mennyiségű Bitcoint; a hír azonnali árfolyam-sokkot okoz, de a piac viszonylag gyorsan stabilizálódik, jelezve a növekvő ellenálló képességet."
2013-11-01,"Novemberben parabolikus rally indul: a BTC árfolyam 200 USD körüli szintről 1000 USD fölé emelkedik, részben a kínai kereslet növekedése és a spekuláció miatt, sok elemző ekkor kezdi nyíltan 'buboréknak' nevezni a jelenséget."
2013-12-01,"A kínai jegybank megtiltja a bankoknak és fizetési szolgáltatóknak a Bitcoinhoz kapcsolódó szolgáltatásokat, ami éles korrekciót vált ki a hónap végén, és előrevetíti a későbbi szigorúbb kínai fellépéseket."
2014-01-01,"Az év elején fokozódik a szabályozói nyomás világszerte, miközben a BTC árfolyam továbbra is viszonylag magas, de ingadozó; egyre több tőzsde és szolgáltató igyekszik megfelelni a pénzmosás-ellenes előírásoknak."
2014-02-01,"Februárban csődöt jelent a Mt.Gox, a legnagyobb Bitcoin tőzsde, miután több százezer BTC 'eltűnését' jelenti be; a botrány súlyos árfolyamesést és bizalomvesztést okoz a központi tőzsdékkel szemben."
2014-03-01,"Új szolgáltatók (pl. Bitstamp, Kraken) erősítik pozíciójukat a Mt.Gox bukása nyomán, a piac lassan talpra áll; megjelennek az első komolyabb intézményi elemzések a Bitcoin hosszú távú befektetési kockázatairól és lehetőségeiről."
2014-04-01,"A szabályozók az USA-ban és Európában iránymutatásokat adnak ki a Bitcoin adózásáról és jogi besorolásáról, ami rövid távon bizonytalanságot, hosszabb távon nagyobb kiszámíthatóságot teremt a befektetők számára."
2014-05-01,"Májusban folyamatos árfolyamsüllyedés és forgalomcsökkenés látható, a befektetői hangulat óvatosabb, sokan 'poszt-Mt.Gox' medvepiacként tekintenek az időszakra."
2014-06-01,"Több amerikai és ázsiai szabályozó szervezet figyelmeztetést ad ki a kriptók kockázatairól, miközben a technológiai közösség a Bitcoin blockchain mögötti technológia (disztribuált főkönyv) egyéb felhasználási módjait kezdi vizsgálni."
2014-07-01,"A nyár során több kisebb tőzsde és tárcaszolgáltató hackje kerül napvilágra, ami a kiberbiztonság fontosságára hívja fel a figyelmet; a piac alacsonyabb árfolyam mellett, de fokozatosan stabilizálódik."
2014-08-01,"Megjelennek az első komolyabb vállalati és banki kísérletek blockchain-alapú megoldásokra (pl. elszámolási rendszerek), ami a technológiát elválasztja a BTC-árfolyamtól, de hosszabb távon legitimitást ad az ökoszisztémának."
2014-09-01,"Szeptemberben a BTC árfolyam tovább gyengül, sok spekulatív befektető kiszáll; a piac 'tisztulása' és a hosszú távú holder bázis megerősödése fontos struktúrális változásként értelmezhető."
2014-10-01,"A PayPal és más online fizetési szereplők kísérleti integrációkat jelentenek be kriptós fizetési processzorokkal, ami jelzi, hogy a nagy fintech cégek komolyan figyelik a Bitcoint és a digitális fizetéseket."
2014-11-01,"A medvepiac elhúzódik, az árfolyam 300 USD alá is süllyed, ugyanakkor nő a fejlesztés a Bitcoin-protokoll és a második rétegű megoldások (Lightning-hoz hasonló koncepciók) terén."
2014-12-01,"Az év végére a Bitcoin a 2013-as csúcsokhoz képest jóval alacsonyabb szinten stabilizálódik, a közbeszédben egyre gyakrabban hangzik el a 'buborék kipukkant' narratíva, miközben a technológiai fejlesztés töretlen."
2015-01-01,"2015 elején újabb mélypontot ér el a BTC árfolyam, sok bányász és kis tőzsde kiszorul a piacról, ugyanakkor ez csökkenti a túlzott tőkeáttételt és erősíti a hosszú távon elkötelezett résztvevők arányát."
2015-02-01,"Februárban több nagyobb fintech-rendezvény és konferencia témája lesz a Bitcoin és a blockchain, ami a 'mainstream' pénzügyi világ fokozatos érdeklődését jelzi."
2015-03-01,"Egyre több kockázatitőke-alap fektet kriptós startupokba (tőzsdék, tárcák, fizetési processzorok), ami növeli az iparág finanszírozási bázisát, még ha az árfolyam továbbra is visszafogott."
2015-04-01,"A szabályozók több országban (pl. USA, EU tagállamok) részletesebb AML/KYC elvárásokat írnak elő kriptoszolgáltatóknak, ami növeli a belépési korlátokat, de hosszabb távon intézményi bizalmat épít."
2015-05-01,"Májusban a BTC árfolyam elkezd lassan emelkedni a mélypontokról, miközben a közösség a közelgő második halving hosszabb távú hatásairól kezd vitázni."
2015-06-01,"A New York-i BitLicense szabályozás bevezetése több kriptocéget elriaszt az amerikai piacról, azonban precedenst teremt a részletes, engedélyköteles kriptoszolgáltatói modellre."
2015-07-01,"A nyári hónapokban relatív árfolyamstabilitás figyelhető meg, miközben a fejlesztők a skálázhatósági viták (blokkméret, on-chain vs. off-chain megoldások) körül egyre intenzívebb technikai és politikai vitákat folytatnak."
2015-08-01,"Több jelentős tőzsde és pénztárca implementálja a fejlettebb biztonsági megoldásokat (multisig, cold storage), válaszul az előző évek hackjeire; ez javítja az intézményi szereplők bizalmát."
2015-09-01,"Szeptemberben növekszik az érdeklődés az 'értéktároló' narratíva iránt, mivel a globális részvénypiacokon és a feltörekvő piacokon nő a bizonytalanság."
2015-10-01,"Októberben több nagy fizetési processzor szélesebb kereskedői körben teszi elérhetővé a Bitcoin-fizetést, ami a reálgazdasági használat lassú bővülését jelzi."
2015-11-01,"A BTC árfolyam elkezd határozottabban emelkedni, sok elemző szerint medvepiaci mélypontról indult új ciklus, nagy hangsúlyt kap a közelgő 2016-os halving."
2015-12-01,"Az év végén a Bitcoin kb. megduplázza árfolyamát az év eleji mélyponthoz képest, ami visszahozza a hosszabb távú befektetői érdeklődést és megalapozza a következő bikapiacot."
2016-01-01,"2016 elején a piac a közelgő második halvingre készül, a narratíva egyre inkább a csökkenő kínálatra és a hosszú távú szűkösségre fókuszál."
2016-02-01,"Nő a derivatív piaci aktivitás (futures, opciók), ami kifinomultabb spekulációt és fedezeti stratégiákat tesz lehetővé, ugyanakkor a tőkeáttétel miatt növeli a kockázatokat is."
2016-03-01,"A skálázhatósági vita (blokkméret vs. második réteg) felerősödik, a közösség szakadásának kockázata is felmerül, ami némi bizonytalanságot okoz az árfolyamban."
2016-04-01,"Áprilisban tovább nő az intézményi érdeklődés a blockchain-technológia iránt (pl. banki konzorciumok), ami közvetetten a Bitcoinra is ráirányítja a figyelmet."
2016-05-01,"Egyre több cég (pl. Overstock) vállalja nyilvánosan, hogy Bitcoint fogad el, vagy BTC-ben tartja vagyonának egy részét, erősítve az elfogadottságot."
2016-06-01,"A második halving közeledtével élénk spekuláció indul, a BTC árfolyam emelkedik, miközben a bányászok a jövőbeli bevételcsökkenésre készülnek."
2016-07-09,"Lezajlik a második Bitcoin-halving: a blokkjutalom 25 BTC-ről 12,5 BTC-re csökken; a kínálat mérséklődése középtávon bikapiaci katalizátor szerepét tölti be."
2016-08-01,"Augusztusban a Bitfinex tőzsdét jelentős hack éri, mintegy 72 millió USD értékű BTC tűnik el, ami rövid távú árfolyamesést és a tőzsdekockázatokról szóló vitát okoz."
2016-09-01,"A piac fokozatosan kiheveri a Bitfinex-incidenst, a bizalom erősítésére több tőzsde átláthatóbb tartalék-jelentést és jobb biztonsági gyakorlatot vezet be."
2016-10-01,"Tovább nő a szabályozói figyelem, a jegybankok és nemzetközi szervezetek (IMF, BIS) elemzéseket publikálnak a kriptók rendszerszintű kockázatairól és potenciáljáról."
2016-11-01,"A választási bizonytalanságok (pl. amerikai elnökválasztás) és a geopolitikai feszültségek miatt erősödik az alternatív, nem állami pénzek iránti érdeklődés."
2016-12-01,"Az év végén a BTC árfolyam határozott emelkedő trendben van, sokan a halving utáni új bikapiaci ciklus elejének tekintik az időszakot."
2017-01-01,"2017 januárjában a Bitcoin új többéves csúcsokat ér el, a növekvő médiafigyelem és a retail spekuláció erősítik az árfolyamot, miközben a szabályozók az ETF-kérelmeket vizsgálják."
2017-02-01,"Egyre nagyobb figyelmet kap az ICO-láz és az altcoin-piac, a kriptoszektor egészére óriási tőke áramlik, ami a BTC árfolyamát is felfelé húzza."
2017-03-01,"Márciusban a SEC elutasítja az első Bitcoin-ETF kérelmet, ami rövid távú korrekciót okoz, de a bikapiaci hangulat összességében megmarad."
2017-04-01,"A kriptotőzsdék forgalma rekordokat dönt, sok új befektető lép be a piacra, az árfolyam gyorsuló ütemben emelkedik, a buborékszerű jegyek egyre erősebbek."
2017-05-01,"Májusban több ország (pl. Japán) kedvezőbb szabályozói környezetet teremt a kriptóknak, a BTC-t egyre több helyen tekintik legális fizetőeszköznek vagy eszközosztálynak."
2017-06-01,"A nagy volatilitás és az ICO-bumm közepette a BTC árfolyam többször is éles korrekciókat és visszapattanásokat produkál, ami sok rövid távú spekulánst vonz."
2017-07-01,"A skálázhatósági vita hard forkhoz vezet: létrejön a Bitcoin Cash, ami technikai és politikai szakadásként jelenik meg a közösségben, de a BTC maghálózata domináns marad."
2017-08-01,"Az augusztusi fork után a Bitcoin hálózatán aktiválódik a SegWit, amely hosszabb távon javítja a skálázhatóságot és előkészíti a második rétegű megoldásokat."
2017-09-01,"Kína betiltja a belföldi ICO-kat és a kriptotőzsdéket, miközben nagy bankok és közszereplők (pl. JPMorgan CEO) nyilvánosan kritizálják a Bitcoint; a hírek erős, de átmeneti árfolyamesést okoznak."
2017-10-01,"A szabályozói szigorítások ellenére a BTC árfolyam gyorsan új csúcsokat ér el, a 'digitális arany' narratíva és a FOMO hajtja a keresletet."
2017-11-01,"Novemberben extrém buborékjelenségek figyelhetők meg, a BTC árfolyam nagy kilengésekkel közelít a 10 000 USD fölötti szintekhez."
2017-12-01,"Az év végére a BTC ára 20 000 USD közelébe emelkedik, majd éles medvepiaci korrekció indul; a retail spekulánsok nagy része ekkor lép be a piacra, ami tovább fokozza a volatilitást."
2018-01-01,"2018 elején a globális szabályozók sorra figyelmeztetnek a kriptobuborék kockázataira, több ország adó- és tiltóintézkedéseket jelent be, medvepiaci trend kezdődik."
2018-02-01,"A BTC árfolyam meredeken esik a decemberi csúcsokról, sok tőkeáttételes pozíció kényszerlikvidálódik, a piaci hangulat pánikhangulatba fordul."
2018-03-01,"A Facebook, Google és más nagy online platformok korlátozzák a kriptohirdetéseket, ami tovább rontja a szentimentet és erősíti a szabályozói kockázat percepcióját."
2018-04-01,"Áprilisban időszakos felpattanás látható, sokan 'dead cat bounce'-ként értékelik, miközben az intézményi szereplők a hosszú távú lehetőségeket elemzik."
2018-05-01,"Számos tőzsde és tokenprojekt körül felmerülő csalás és hack történet csökkenti a bizalmat, a hatóságok több helyen szigorúan fellépnek az engedély nélküli ICO-k ellen."
2018-06-01,"A BTC hosszabb ideig oldalazó, de inkább lefelé tartó trendben mozog, sok bányász és projekt finanszírozási gondokkal szembesül."
2018-07-01,"A nyár során fokozatosan csökken a kereskedési volumen, a piac 'kiszárad', a hosszú távú befektetők maradnak főként pozícióban."
2018-08-01,"A SEC több Bitcoin-ETF kérelmet elutasít vagy elhalaszt, ami rövid távon ismét nyomás alá helyezi az árfolyamot."
2018-09-01,"Szeptemberben újabb mélypontok alakulnak ki, a 'kripto tél' kifejezés elterjed a piaci szereplők között."
2018-10-01,"Októberben viszonylag alacsony volatilitás figyelhető meg, ami szokatlan a korábbi évekhez képest, sokan a piac kifáradásaként értékelik."
2018-11-01,"A BCH-fork körüli háború ('hash-háború') és a negatív hangulat miatt a BTC árfolyam újra erősen esik, közel 3 000 USD környékére."
2018-12-01,"Az év végére a BTC lényegesen alacsonyabb szinten stabilizálódik, mint 2017 végén, a piac mély medveciklusban van, miközben a fejlesztés és az intézményi érdeklődés nem áll le."
2019-01-01,"2019 elején a BTC árfolyam még medvepiaci környezetben mozog, de nő a várakozás a lehetséges ciklusfordulóval kapcsolatban."
2019-02-01,"A volatilitás viszonylag alacsony, a piac oldalaz, sok 'hodler' kitart, a rövid távú spekulánsok aránya csökken."
2019-03-01,"Intézményi szolgáltatók (pl. custody-megoldások, határidős termékek) fejlődnek, ami előkészíti a terepet a nagyobb professzionális tőke számára."
2019-04-01,"Áprilisban hirtelen árfolyamfelpattanás indul, sokan short squeeze-nek tulajdonítják; a BTC elmozdul a 4 000–5 000 USD sávból."
2019-05-01,"Májusra a BTC 8 000 USD fölé emelkedik, újra aktivizálódnak a retail befektetők, miközben nő a médiaérdeklődés."
2019-06-01,"A nyár elején a BTC közel 14 000 USD-ig emelkedik, részben a Libra-projekt (Facebook) bejelentése körüli kriptofigyelem miatt."
2019-07-01,"A szabályozók keményen reagálnak a Libra-tervekre, ami a teljes kriptószektor szabályozási kockázatát újra napirendre teszi; a BTC árfolyam korrekcióba fordul."
2019-08-01,"A globális makro bizonytalanságok (kereskedelmi háború, hozamgörbe-inverzió) felerősítik a 'digitális arany' narratívát, időszakos BTC-erősödést hozva."
2019-09-01,"Szeptemberben elindul a Bakkt fizikai elszámolású Bitcoin-futures terméke, amely intézményi belépési pontot kínál, de a kezdeti volumen csalódást kelt."
2019-10-01,"Októberben Xi Jinping pozitívan nyilatkozik a blockchain-technológiáról, ami rövid távú árfolyamrallyt vált ki, még ha kifejezetten a Bitcoinról nem is szól."
2019-11-01,"A piac ismét korrekcióba fordul, a 2019-es felpattanás nagy része leépül, a szereplők a 2020-as halvingre készülnek."
2019-12-01,"Az év végén a BTC középszinteken stabilizálódik, a narratíva a közelgő halving és a makro-bizonytalanság (lazuló monetáris politika) kombinációjára épül."
2020-01-01,"2020 elején a globális piacok még stabilak, a BTC fokozatosan emelkedik, miközben a befektetők a tavaszi halvingre figyelnek."
2020-02-01,"A Covid-járvány első hírei megjelennek, a globális piacokon nő a volatilitás; a BTC eleinte kockázatos eszközként viselkedik, majd márciusban jelentős esést szenved el."
2020-03-01,"Márciusban a Covid-pánik és a likviditási válság miatt a BTC is összeomlik (a 'Black Thursday' napon 4 000 USD körülig esik), majd a masszív jegybanki és fiskális stimulus után gyorsan talpra áll."
2020-04-01,"Áprilisban a piac a halvingre készül, a BTC visszakapaszkodik 7 000–8 000 USD körüli szintekre, a 'digitális infláció elleni fedezet' narratíva erősödik."
2020-05-11,"Lezajlik a harmadik Bitcoin-halving, a blokkjutalom 12,5 BTC-ről 6,25 BTC-re csökken; a következő hónapokban fokozatos bikapiaci trend indul."
2020-06-01,"A globális pénznyomtatás és nullkamat környezet miatt egyre több intézményi szereplő (pl. hedge fundok, nyilvános cégek) vizsgálja a BTC-t inflációs fedezeti eszközként."
2020-07-01,"Nyáron a BTC árfolyam áttöri a 10 000 USD-t, a DeFi-bumm és az általános kripto-éhség is támogatja a szektort."
2020-08-01,"MicroStrategy bejelenti első nagy BTC-vásárlásait, vállalati tartalékeszközként pozicionálva a Bitcoint, ami fontos precedenst teremt a vállalati befektetők számára."
2020-09-01,"Szeptemberben átmeneti korrekció látszik, de a hosszú távú trend emelkedő, a narratíva egyre inkább az intézményi adoptálásra épül."
2020-10-01,"A PayPal bejelenti, hogy lehetővé teszi a Bitcoin vásárlását és később a fizetést is, ami óriási legitimációs lépésként hat a mainstream felé."
2020-11-01,"A BTC újra áttöri a 2017-es csúcsokat, és történelmi maximumokat dönt, a masszív stimulus, az intézményi kereslet és a FOMO együtt hajtja."
2020-12-01,"Az év végére a BTC közel 30 000 USD fölé emelkedik, széles körű narratíva alakul ki róla, mint 'digitális arany' és infláció elleni fedezet."
2021-01-01,"2021 elején a BTC parabolikus emelkedésben van, nagybefektetők és hírességek (pl. Elon Musk) is nyilvánosan támogatják vagy említik, ami további retail FOMO-t generál."
2021-02-08,"A Tesla bejelenti, hogy 1,5 milliárd USD értékben vásárolt Bitcoint és ideiglenesen elfogadja fizetésként, az árfolyam újabb rekordokra ugrik."
2021-03-01,"Márciusban a BTC 60 000 USD környékéig emelkedik, a derivatív piacokon extrém tőkeáttétel és finanszírozási ráta figyelhető meg."
2021-04-01,"Elindulnak az első amerikai Bitcoin-futures ETF-ek, és a Coinbase tőzsdei bevezetése is a kriptoszektor intézményesedésének szimbóluma, a BTC új csúcsok közelében forog."
2021-05-01,"Májusban Kína újra szigorúan fellép a kriptobányászat és -kereskedelem ellen, valamint a Tesla felfüggeszti a BTC-fizetéseket környezeti aggályokra hivatkozva; ezek együtt éles medvepiaci korrekciót váltanak ki."
2021-06-09,"El Salvador törvényben fogadja el a Bitcoint törvényes fizetőeszközként, első országként a világon, ami mérföldkő a szuverén szintű elfogadásban."
2021-07-01,"A kínai bányász-tilalom miatt jelentősen visszaesik a hálózati hashrate, de a bányászok gyorsan átköltöznek más országokba, demonstrálva a hálózat ellenálló képességét."
2021-08-01,"A piacon részleges felpattanás zajlik, a BTC 40 000–50 000 USD sávba tér vissza, miközben a DeFi és NFT-boom is támogatja a kriptós kockázatvállalást."
2021-09-07,"El Salvadorban ténylegesen életbe lép a Bitcoin-törvény, a lakossági fogadtatás vegyes; ugyanebben a hónapban Kína teljes kriptotranszakciós tiltást jelent be, ami erős, de átmeneti nyomást helyez az árfolyamra."
2021-10-01,"Az USA-ban elindul az első Bitcoin-futures ETF (BITO), ami új csatornát nyit a hagyományos befektetők számára, a BTC árfolyama ismét új csúcsok felé tart."
2021-11-01,"A BTC új történelmi csúcsot ér el ~69 000 USD körül, majd medvepiaci korrekció indul; egyre több elemző beszél cikluscsúcsról."
2021-12-01,"Az év végén a Fed szigorúbb monetáris politikát jelez előre (taper, kamatemelések), ami nyomást gyakorol a kockázatos eszközökre, köztük a Bitcoinra is."
2022-01-01,"2022 elején a BTC medvepiaci trendben van, a magas infláció és a várható kamatemelések miatt a kockázatos eszközök iránti étvágy csökken."
2022-02-01,"A geopolitikai feszültségek (pl. orosz–ukrán konfliktus) fokozódása rövid távon volatilitást okoz, egyes szereplők szerint a BTC háborús kockázati fedezetként is funkcionálhat, mások szerint inkább kockázatos tech-eszközként viselkedik."
2022-03-01,"A Fed elkezdi a kamatemelési ciklust, a likviditás szűkülése negatívan érinti a kriptókat, a BTC árfolyam süllyedő trendben marad."
2022-05-01,"A Terra/Luna-ökoszisztéma összeomlása és a stablecoin-válság komoly bizalomvesztést okoz a kriptopiacon, láncreakciót indítva el hitelezőknél és hedge fundoknál."
2022-06-01,"Celsius, Three Arrows Capital és más nagy szereplők likviditási problémái és csődje tovább súlyosbítják a kriptotéli hangulatot, a BTC új medvepiaci mélypontokat ér el."
2022-09-01,"Az Ethereum merge (PoW→PoS) növeli a kriptoszektor technológiai fókuszát, de a BTC továbbra is főként makro-kockázati eszközként árazódik a kamatkörnyezetben."
2022-11-11,"Az FTX tőzsde csődöt jelent és botrányos módon omlik össze, több milliárd USD ügyfélvagyont érintve; a bizalom ismét súlyosan sérül, a BTC rövid távon meredeken esik."
2022-12-01,"Az év végére a BTC mély medvepiaci szinteken forog, a forgalom csökken, a befektetői hangulat extrém félelem állapotában van, ugyanakkor a hosszú távú holder bázis aránya nő."
2023-01-01,"2023 elején meglepően erős felpattanás indul, a BTC árfolyam rövid idő alatt jelentősen emelkedik, sok short pozíció záródik, és a piac a 'legrosszabb mögöttünk' narratívát kezdi árazni."
2023-02-01,"Ordinals és NFT-szerű használatok jelennek meg a Bitcoin-láncon, ami új felhasználási mintákat és technikai vitákat indít a hálózat funkciójáról."
2023-03-01,"Regionális bankválság az USA-ban (pl. Silicon Valley Bank), ami újra felveti a bankkockázat kérdését; a BTC rövid távon safe-haven narratívát kap és erősödik."
2023-06-01,"Nagy tradfi szereplők (pl. BlackRock) spot Bitcoin-ETF beadványai növelik az optimizmust az intézményi adoptálás iránt, a BTC árfolyam fokozatosan emelkedő trendbe kerül."
2023-09-01,"A piac a 2024-es halving és a lehetséges ETF-jóváhagyás kombinációjára játszik, a szentiment lényegesen javul a 2022-es mélyponthoz képest."
2023-12-01,"Az év végére a BTC jelentősen felértékelődik 2022-höz képest, miközben még mindig a medvepiac utáni felépülési fázisban van."
2024-01-10,"Az amerikai SEC jóváhagyja az első spot Bitcoin ETF-eket, ami történelmi mérföldkő az intézményi befektetők számára, és új rekordközeli árfolyamszinteket hoz."
2024-02-01,"A spot ETF-ek körüli tőkeáramlás és a halving várakozás erős bikapiaci hangulatot tart fenn, a BTC új csúcsok felé közelít."
2024-03-01,"Márciusban a BTC minden korábbi történelmi csúcsot átlép, a piac a kínálatcsökkenés és az intézményi beáramlás kombinációját árazza."
2024-04-20,"Lezajlik a negyedik Bitcoin-halving, a blokkjutalom 6,25 BTC-ről 3,125 BTC-re csökken; a piac nagy része már előre árazta az eseményt, de hosszabb távon tovább erősíti a szűkösség narratíváját."
2024-06-01,"A nyár elején időszakos korrekció jelentkezik, a magas kamatszint és a makro-bizonytalanság mellett a BTC 60 000 USD alá is benéz, de a spot ETF-ekben tárolt mennyiség tovább nő."
2024-09-01,"Ősszel stabilizálódik az árfolyam, majd újabb emelkedés indul, a piaci kommentárok a halving utáni tipikus ciklusmintára és az ETF-ek folyamatos beáramlására hivatkoznak."
2024-12-04,"A BTC eléri vagy meghaladja a 100 000 USD-t, amit részben a kriptobarátabb amerikai politikai környezet és az ETF-ek óriási intézményi kereslete támogat; sokan új cikluscsúcsról beszélnek."
2025-01-01,"2025 elején a BTC továbbra is magas szinteken forog, de nő a volatilitás és a profitrealizálás, miközben a piac a kamatpályát és a geopolitikai feszültségeket figyeli."
2025-02-01,"Februárban jelentős, ~20% körüli hónapos esés alakul ki, ami technikai korrekcióként és makro-kockázatkerülésként is értelmezhető; a hosszú távú narratíva azonban változatlanul a korlátozott kínálatra és az intézményi keresletre épül."
2025-03-01,"A tavasz folyamán a BTC újra erősíteni kezd, a spot ETF-ekben lévő állomány csúcsokat dönt, és az elemzések szerint a Bitcoin egyre inkább 'érett', de mérsékeltebb hozamú eszközzé válik."
2025-06-01,"Nyárra a BTC ismét közelíti a korábbi rekordokat, miközben a globális kereskedelmi feszültségek és a szabályozási bizonytalanság újabb volatilitási hullámokat indítanak."
2025-09-01,"Ősszel erős vita folyik arról, hogy a halving-hatás gyengül-e az ETF-ek és az intézményi jelenlét miatt; a BTC árfolyam nagy, de érettebb ciklusokban ingadozik."
2025-11-01,"2025 novemberében a BTC továbbra is kiemelt makro-eszközként viselkedik: árfolyamát a kamatvárakozások, a globális kockázatvállalási étvágy és a spot ETF-ekbe áramló vagy onnan kiáramló tőke együttesen mozgatja, miközben a hosszú távú narratíva a korlátozott kínálatra és a digitális értéktároló szerepre épül."
2023-01-05,"A Bitcoin az év elején a 2022-es kriptotél után oldalazó, de emelkedő trendbe vált, mivel a piac azt árazza, hogy az infláció csökkenhet és a jegybankok közelebb kerülnek a kamatemelések csúcsához."
2023-01-12,"Az amerikai CPI-adat a vártnál kedvezőbbnek bizonyul, ami erősíti a kockázatos eszközök, köztük a Bitcoin iránti étvágyat, és rövid távú árfolyam-emelkedést okoz."
2023-01-20,"Folytatódnak az FTX-csőddel és a kriptoszektor szabályozásával kapcsolatos meghallgatások az USA-ban, ami ugyan növeli a jogi bizonytalanságot, de egyben a hosszú távú megtisztulás narratíváját is erősíti."
2023-01-24,"A kriptotőzsdék jelentik, hogy a 2022 végi mélypontokhoz képest újra nő a kereskedési volumen, ami arra utal, hogy visszatér a likviditás és a spekuláció a piacra."
2023-01-31,"A hónap végére a Bitcoin jelentős százalékos pluszban zár, sok elemző a 2022-es medveciklus lehetséges aljának már múlt időként való értékelését hangsúlyozza."
2023-02-03,"A Fed februári kamatemelése mérsékeltebb ütemű, és a kommunikáció szerint közeledik a szigorítási ciklus vége; ez javítja a kockázatvállalási kedvet a kriptópiacon."
2023-02-10,"Az ún. Bitcoin Ordinals és on-chain NFT-szerű használati módok felfutása növeli a hálózati aktivitást és új narratívát ad a BTC-nek mint adat- és tartalomhordozó rétegnek."
2023-02-14,"Az amerikai inflációs adat kissé a vártnál magasabb, ami átmeneti volatilitás-emelkedést és kisebb visszahúzódást okoz a kockázatos eszközökben, köztük a Bitcoinban."
2023-02-20,"Az amerikai szabályozók szigorúbban lépnek fel egyes kriptoszolgáltatásokkal szemben (staking, nem regisztrált értékpapírnak minősített tokenek), ami bizonytalanságot kelt a teljes iparágban."
2023-02-27,"A hónap végére a BTC árfolyam összességében emelkedő pályán marad, miközben a piaci szereplők egyre inkább a 2024-es halving hosszú távú hatásairól beszélnek."
2023-03-03,"Március elején folytatódik a kriptópiaci felpattanás, a befektetők kockázatvállalása még erős a viszonylag kedvező makroadatok fényében."
2023-03-10,"Az amerikai regionális bankválság (pl. Silicon Valley Bank, Signature) likviditási pánikot vált ki a hagyományos pénzügyi rendszerben; a Bitcoin rövid időre együtt esik a kockázatos eszközökkel, majd egyesek 'bankkockázati fedezetként' kezdenek rá tekinteni."
2023-03-15,"A Fed a bankrendszeri feszültségek ellenére újabb kamatemelést hajt végre, de a kommunikációja óvatosabb; a piac a szigorítási ciklus közelgő lezárását kezdi árazni."
2023-03-20,"A bankcsődök és mentőcsomagok körüli hírek növelik a bizalmatlanságot a hagyományos bankbetétekkel szemben, ami több on-chain adat szerint is fokozott BTC-vásárlásokban tükröződik."
2023-03-28,"A hónap végére a Bitcoin látványos felpattanást produkál a márciusi mélypontokhoz képest, sok kommentár 'digitális aranyként' emlegeti a bankválság kontextusában."
2023-04-05,"Április elején a piac konszolidálódik a márciusi erős mozgások után, a BTC szűkebb sávban kereskedik, miközben a befektetők a további banki híreket és a Fed-lépéseket figyelik."
2023-04-12,"Újabb inflációs adat érkezik az USA-ból, amely a dezinfláció folytatódását jelzi; ez támogatja a kockázatos eszközök iránti étvágyat és enyhe BTC-erősödést okoz."
2023-04-18,"További részletek derülnek ki a bankcsődökkel kapcsolatos vizsgálatokról, ami emlékezteti a piacot a bankszektor sérülékenységére; a Bitcoin 'rendszerkockázati hedge' narratívája élénk marad."
2023-04-23,"A kriptotőzsdéken a derivatív forgalom ismét növekszik, ami arra utal, hogy a szereplők újra nagyobb tőkeáttétellel kereskednek, fokozva a potenciális volatilitást."
2023-04-28,"A hónap végére a BTC árfolyama továbbra is jelentősen meghaladja az év eleji szinteket, a 2022-es mélypont óta kialakult emelkedő trend érvényben marad."
2023-05-03,"Májusban a globális piacok a recessziós kockázatok és a tartósan magas kamatszint miatt idegesek, ez időszakos kockázatkerülést vált ki, ami a Bitcoint is érinti."
2023-05-10,"Az USA-ban a kamatpályával kapcsolatos jegybanki kommunikáció azt jelzi, hogy a további emelések tempója lassulhat, ami enyhíti a nyomást a kockázatos eszközökön."
2023-05-17,"A Bitcoin-hálózaton az Ordinals és egyéb kísérletek miatt átmenetileg megugranak a tranzakciós díjak, ami vitát indít a hálózat elsődleges használati módjáról (értéktárolás vs. adat-használat)."
2023-05-22,"Nő a szabályozói figyelem a stablecoinokra és a kriptotőzsdék tartalék-átláthatóságára, ami a piac egy részét aggasztja, de a konzervatívabb szereplők szerint ez hosszú távon stabilizáló tényező."
2023-05-29,"A hónap végére a BTC árfolyama enyhe korrekción megy át, de továbbra is a 2023 eleji szintek fölött marad, jelezve, hogy a piac nem adta fel a ciklusforduló narratíváját."
2023-06-05,"Júniusban az amerikai SEC több nagy kriptoszolgáltató ellen indít eljárásokat, ami jelentősen növeli a szabályozási kockázat érzékelését a piacon."
2023-06-15,"A BlackRock és más nagy vagyonkezelők spot Bitcoin ETF-kérelmet nyújtanak be, ami sokak szerint fordulópont az intézményi érdeklődés szempontjából, és felhajtja az árfolyamot."
2023-06-20,"A kriptotőzsdék piaci részesedése átrendeződik, egyes platformok visszaszorulnak a szabályozói nyomás miatt, míg mások megerősödnek a 'komolyabb' compliance miatt."
2023-06-23,"A makrogazdasági adatok vegyes képet mutatnak: a gazdasági aktivitás lassuló jeleket mutat, de az infláció még mindig magas; ez hullámzó kockázatvállalási kedvet eredményez a BTC-ben is."
2023-06-30,"A hónap végére a BTC viszonylag magasabb szinten konszolidálódik, az ETF-várakozás és a halving-narratíva kettőse támogatja a bikás hangulatot."
2023-07-04,"Július elején a globális részvénypiacok jó hangulatban vannak, ami a kriptókra is átszivárog, a BTC árfolyama enyhén emelkedő trendben mozog."
2023-07-12,"Újabb inflációs adat érkezik, amely a vártnál kedvezőbb, és csökkenti a további agresszív kamatemelések valószínűségét; ez támogatja a kockázatos eszközök árfolyamát."
2023-07-18,"A kriptotőzsdéken növekszik a derivatív pozíciók száma, a nyílt érdekeltség (open interest) magas szintre emelkedik, ami potenciális nagyobb árfolyamkilengések előszelét jelenti."
2023-07-24,"További spot Bitcoin ETF-kérelmek és módosítások érkeznek a SEC-hez, a piac egyre nagyobb valószínűséget áraz a jövőbeli jóváhagyásnak."
2023-07-31,"A hónap végén a BTC árfolyama ingadozva, de összességében emelkedő pályán marad, a befektetők egyre inkább középtávú bikapiaci folytatásban reménykednek."
2023-08-03,"Augusztus elején a kriptópiacot általános nyári forgalomcsökkenés jellemzi, ugyanakkor a Bitcoin viszonylag jól tartja magát más kockázatos eszközökhöz képest."
2023-08-10,"A makroadatok vegyesek, egyes recessziós mutatók romlanak, ami óvatosságot jelez a részvény- és kriptopiacon, kisebb BTC-korrekcióval."
2023-08-17,"Egyes nagy kriptotőzsdék likviditási mutatói gyengülnek, a piaci részesedés tovább oszlik meg a szabályozottabb és kevésbé szabályozott szereplők között."
2023-08-23,"A spot Bitcoin ETF-ekkel kapcsolatos döntéseket a SEC több esetben elhalasztja, ami rövid távú csalódást, de továbbra is élő várakozásokat eredményez."
2023-08-30,"A hónap végére a BTC árfolyam mérsékelt negatív hozammal zár, a befektetők kivárnak a további szabályozási hírek és makroadatok előtt."
2023-09-05,"Szeptemberben a hagyományos piacokon erősödik a 'higher for longer' kamatpálya narratívája, ami növeli a kockázatos eszközök eladási nyomását, a BTC-re is hatva."
2023-09-13,"Az inflációs adat az USA-ban kissé a vártnál magasabb, további kamatszigorítás esélyét vetve fel; a kriptópiac rövid távon negatívan reagál."
2023-09-20,"A jegybanki kommunikáció óvatosabbá válik, de továbbra sem jelez gyors kamatcsökkentéseket; a BTC árfolyam volatilis, de nem tör új mélypontokra."
2023-09-25,"Kriptoipari jelentések szerint a hosszú távú tartók BTC-állománya történelmi szintekhez közelít, ami szűk kínálatot sugall a tőzsdéken."
2023-09-29,"A hónap végére a BTC alapvetően oldalazó trendben marad, a piaci szereplők az ETF-döntéseket és a 2024-es halvinget tekintik a következő nagy katalizátoroknak."
2023-10-03,"Október elején a globális részvénypiacokon fokozódik a volatilitás, ami átgyűrűzik a kriptókra is; a BTC rövid időre gyengül, majd stabilizálódik."
2023-10-10,"További spot Bitcoin ETF-beadványok finomhangolása zajlik, a kibocsátók részletesebben igazodnak a SEC elvárásaihoz, növelve a jóváhagyás esélyét."
2023-10-16,"A kriptószektorban újabb kisebb szabályozási és jogi lépések történnek, amelyek növelik a megfelelési költségeket, de hosszabb távon legitimációt is adhatnak."
2023-10-23,"Makroadatok enyhébb inflációs nyomásra utalnak, ami reményt ad a jövőbeli kamatcsökkentésekre; a BTC árfolyama pozitívan reagál."
2023-10-30,"A hónap végére a Bitcoin árfolyama kitör a korábbi sávból, és erőteljes emelkedésbe kezd, amit sokan az ETF-optimista narratíva által vezérelt előfutamnak tartanak."
2023-11-03,"November elején folytatódik a BTC erőteljes ralija, a kereskedési volumen és az érdeklődés is jelentősen megugrik."
2023-11-09,"A piac egyre inkább azt árazza, hogy a spot Bitcoin ETF-ek jóváhagyása csak idő kérdése, ami erős bikapiaci hangulatot kelt a szektorban."
2023-11-15,"Javuló inflációs és kamatvárakozási kilátások miatt a kockázatos eszközök – köztük a Bitcoin – vonzereje nő a részvényekkel párhuzamosan."
2023-11-22,"A kriptotőzsdék jelentései szerint a tőzsdei BTC-kínálat csökken, miközben a letétkezelőknél tartott állomány egy része hosszabb távra 'parkol', erősítve a szűkösség narratíváját."
2023-11-29,"A hónap végére a BTC árfolyama az év eleji szint többszörösén áll, a 2022-es kriptotél után egyértelmű bikapiaci hangulat uralkodik."
2023-12-05,"December elején a Bitcoin új éves csúcsokat dönt, a média intenzíven foglalkozik vele mint a 2023-as digitális eszközök egyik nagy nyertesével."
2023-12-08,"Az év csúcsközelében a BTC árfolyama rövid időre megtorpan és korrekciót indít, miután egyes szereplők profitot realizálnak a gyors emelkedés után."
2023-12-15,"Piaci elemzések szerint a 2023-as év fő mozgatói közé tartozott a bankválság, a dezinfláció, a szabályozási tisztulás és az ETF-várakozás, amelyek együtt hozták vissza a bizalmat."
2023-12-22,"A nagy kriptotőzsdék jelentik, hogy 2023-ban érezhetően nőtt a professzionális és intézményi ügyfelek aránya, ami hosszabb távú befektetői bázist sugall."
2023-12-29,"A BTC az évet erős pluszban zárja, sok elemző szerint a következő nagy katalizátor a 2024-es spot ETF-jóváhagyás és a tavaszi halving lehet."
2024-01-05,"Január elején a piac feszült figyelemmel várja a SEC döntését a spot Bitcoin ETF-ekről, az árfolyam a várakozások miatt magas volatilitással mozog."
2024-01-10,"Az amerikai SEC hivatalosan jóváhagyja több spot Bitcoin ETF bevezetését, ami történelmi mérföldkő az intézményi befektetők számára, és heves árfolyamreakciót vált ki. "
2024-01-17,"Az első hetek ETF-beáramlásai jelentősek, a napi forgalom több hagyományos részvény-ETF-et is felülmúl, ami alátámasztja a 'mainstream' befektetői érdeklődést."
2024-01-23,"Néhány elemző ugyanakkor figyelmeztet, hogy az ETF-ek nagy tőkeáramlásai mindkét irányban felerősíthetik a volatilitást, és a derivatív piacokkal együtt új kockázatokat hozhatnak."
2024-01-30,"A hónap végére a BTC árfolyama jelentősen magasabb, mint az év elején, a narratíva az ETF-ek által 'könnyen elérhető digitális aranyra' épül."
2024-02-05,"Februárban az ETF-ekbe áramló nettó tőke továbbra is magas, bár lassuló ütemű; a Bitcoin iránti intézményi érdeklődés stabilnak tűnik."
2024-02-13,"Makroadatok alapján a dezinfláció folytatódik, a piac egyre inkább középtávú kamatcsökkentéseket kezd beárazni, ami kedvez a kockázatos eszközöknek és a BTC-nek."
2024-02-19,"A GBTC kedvezőtlen árfolyam-diszkontja jelentősen szűkül az ETF-átalakulás és a versengő spot ETF-ek jelenléte miatt, ami a piaci struktúra átrendeződését jelzi."
2024-02-23,"Nő a vita arról, hogy a Bitcoin mennyire válik 'mainstream' portfólióelemé; több nagy vagyonkezelő modelportfóliójában is megjelenik 1–3% közötti súllyal."
2024-02-28,"A hónap végére a BTC árfolyama tovább erősödik, sokan már a korábbi történelmi csúcsok áttörését várják a közeljövőben."
2024-03-04,"Március elején a Bitcoin új történelmi csúcsok közelébe emelkedik, részben az ETF-kereslet, részben a halving- és inflációs fedezeti narratíva miatt."
2024-03-11,"A globális részvénypiacokon is erős emelkedés zajlik, a kockázatvállalási kedv magas, a BTC-vel együtt több alternatív eszköz új csúcsokat ér el."
2024-03-18,"Egyes jegybankok óvatosabb hangot ütnek meg a túl laza pénzpiaci feltételekkel kapcsolatban, ami átmeneti volatilitást okoz a kockázatos eszközökben."
2024-03-22,"A derivatív piacokon extrém tőkeáttételről és kiemelkedő finanszírozási rátákról érkeznek jelentések, ami növeli egy nagyobb likvidálási hullám kockázatát."
2024-03-28,"A hónap végére a Bitcoin továbbra is magas szinteken forog, de egyre több elemző figyelmeztet, hogy a halving környékén sor kerülhet ideiglenes 'sell the news' reakcióra."
2024-04-05,"Április elején a piac a közelgő halvingre fókuszál, a narratíva a jövőbeni kínálatcsökkenés hosszú távú árfolyamhatására épül."
2024-04-12,"Makroadatok alapján a gazdasági növekedés lassul, miközben az infláció még mindig a cél fölött van; ez vegyes hatással van a kockázatos eszközökre, a BTC enyhén ingadozik."
2024-04-19,"Lezajlik a negyedik Bitcoin-halving, a blokkjutalom 6,25 BTC-ről 3,125 BTC-re csökken, tovább szűkítve az új kínálatot."
2024-04-22,"A halving utáni napokban a BTC árfolyama fokozott volatilitást mutat; rövid távú profitrealizálás és tőkeáttételes pozíciózárások is zajlanak."
2024-04-29,"A hónap végére a piac összességében bikás marad, a hosszú távú befektetők a kínálatcsökkenést tartják szem előtt, még ha rövid távú korrekciók is előfordulnak."
2024-05-03,"Május elején átmeneti korrekció figyelhető meg, mivel egyes spekulatív ETF- és derivatív pozíciók kifutnak vagy zárásra kerülnek a halving utáni bizonytalanság miatt."
2024-05-10,"Elemzések szerint a spot ETF-ekben tartott BTC-mennyiség tovább nő, annak ellenére, hogy az árfolyam rövid távon oldalaz vagy enyhén csökken."
2024-05-16,"A globális makrohangulat romlik a geopolitikai feszültségek és a kamatpályával kapcsolatos bizonytalanság miatt; a BTC is fokozott volatilitást mutat."
2024-05-22,"A kriptotőzsdék jelentései szerint a tőzsdei készletek tovább apadnak, miközben a letétkezelői és ETF-csatornákban nő a tartott mennyiség, ami strukturálisan szűkíti a kínálatot."
2024-05-29,"A hónap végére a Bitcoin fokozatosan visszakapaszkodik a halving utáni korrekcióból, bár a volatilitás továbbra is magas."
2024-06-04,"Június elején a BTC rövid időre 60 000 USD alá süllyed, mivel a kamatvárakozások szigorúbb irányt vesznek, és nő a kockázatkerülés a globális piacokon."
2024-06-11,"A Fed kommunikációja óvatosabb: jelezik, hogy a kamatcsökkentések időben később jöhetnek, mint azt a piac remélte, ami nyomást gyakorol a kockázatos eszközökre."
2024-06-18,"Az ETF-beáramlások üteme lassul, de továbbra is pozitív; a BTC-t sok intézményi portfólióban hosszú távú pozícióként kezelik, még ha a rövid távú árfolyamnyomás erős is."
2024-06-24,"A volatilitás emelkedett szinten marad, jelentős napon belüli kilengésekkel, mivel a befektetők a makroadatokra és jegybanki kommentárokra reagálnak."
2024-06-28,"A hónap végére a Bitcoin valamelyest stabilizálódik, de az árfolyam még a tavaszi csúcsok alatt van, a piac a következő makro- és szabályozási katalizátorokra vár."
2024-07-05,"Július elején a globális részvénypiacokon javul a hangulat, ami a BTC-nek is segít; az árfolyam ismét emelkedő trendet próbál kialakítani."
2024-07-11,"Újabb inflációs adat érkezik, amely a dezinfláció folytatódását mutatja, növelve a középtávú kamatcsökkentési várakozásokat és támogatva a kriptópiacot."
2024-07-18,"Piaci jelentések szerint a hosszú távú BTC-tartók tovább növelik pozícióikat, a tőzsdei kínálat mélyponton van, ami későbbi kínálati sokk lehetőségére utal."
2024-07-23,"A derivatív piacokon nő a bullish opciós pozíciók száma, ami arra utal, hogy a szereplők emelkedő árfolyamra spekulálnak."
2024-07-30,"A hónap végére a BTC árfolyama újra közelít tavaszi szintjeihez, a piac optimistább a jövőbeli hozamokkal kapcsolatban."
2024-08-05,"Augusztus elején a nyári forgalom csökkenése ellenére a BTC viszonylag stabil, miközben más kockázatos eszközök erősebben ingadoznak."
2024-08-12,"Makroadatok vegyes képet mutatnak, de a kamatcsökkentések lehetőségét továbbra sem zárják ki; a BTC enyhe pluszban kereskedik."
2024-08-19,"Egy jelentősebb hack vagy exploit a DeFi-szektorban aggodalmat kelt a teljes kriptopiacon, rövid távú eladási hullámot okozva."
2024-08-23,"Az ETF-ek és letétkezelők továbbra is nettó BTC-vásárlók, ami ellensúlyozza a rövid távú piaci sokkokat."
2024-08-29,"A hónap végére a Bitcoin árfolyama összességében kis mértékben emelkedik, jelezve, hogy a piac a negatív híreket is egyre jobban 'felszívja'."
2024-09-04,"Szeptember elején a globális makro-kép ismét bizonytalanabbá válik, a részvénypiacokon korrekció indul, amely a BTC-re is átragad."
2024-09-11,"Újabb jegybanki ülések és kommentárok nyomán a piac a kamatcsökkentési várakozásokat hátrébb tolja, ami növeli a kockázatkerülést."
2024-09-17,"A Bitcoin rövid időre visszaesik, de az on-chain adatok szerint a hosszú távú tartók továbbra sem adják el jelentős mennyiségben a coinjaikat."
2024-09-23,"Piaci elemzések a halving utáni teljesítményt hasonlítják össze a korábbi ciklusokkal, és vegyes képet festenek: a mostani rally mérsékeltebb, de stabilabb."
2024-09-30,"A hónap végére a BTC újra emelkedő trendet mutat, ahogy a kockázatkerülés átmenetileg enyhül."
2024-10-03,"Október elején a Bitcoin ismét több éves csúcsok közelében forog, a befektetők a 'digitális értéktároló' narratívát a magas adósságszintek és geopolitikai kockázatok fényében erősítik."
2024-10-10,"A spot ETF-ek összesített kezelt vagyona új csúcsot ér el, ami azt jelzi, hogy a hagyományos befektetők folyamatosan áramlanak a piacra."
2024-10-17,"Néhány jelentés szerint a kriptót nagyobb arányban veszik fel intézményi portfóliókba mint diverzifikációs eszközt, ami csökkentheti a korrelációt egyes részvénypiaci szegmensekkel."
2024-10-23,"A derivatív piacokon kiemelkedő opciós lejáratok közelednek, ami fokozott napon belüli árfolyam-ingadozást eredményez."
2024-10-30,"A hónap végére a BTC árfolyama történelmi csúcs közelében zár, sok elemző a ciklus újabb csúcspontjáról beszél."
2024-11-05,"November elején a globális befektetési hangulat vegyes, de a BTC továbbra is erős, a volatilitás azonban nő a profitrealizálások miatt."
2024-11-12,"Makroadatok szerint a gazdasági növekedés lassul, ami egyes szereplőknél a defenzív eszközök, másoknál a 'hard money' jellegű Bitcoin felé tereli a figyelmet."
2024-11-18,"Az ETF-beáramlások után megjelennek az első jelentősebb kiáramlási napok is, ami átmeneti árfolyamnyomást okoz."
2024-11-22,"Elemzések szerint a kisebb kriptók árfolyama nagyobb korrekción megy át, miközben a BTC relatív ereje nő, megerősítve a 'blue chip' szerepét a szektoron belül."
2024-11-29,"A hónap végére a Bitcoin továbbra is nagyon magas szinteken forog, bár a ciklus kifáradásáról is egyre többet beszélnek."
2024-12-04,"December elején a BTC átlépi vagy megközelíti a 100 000 USD körüli szintet, amit sokan pszichológiai mérföldkőnek tekintenek."
2024-12-10,"A média és a közvélemény felfokozott figyelme újabb hullámot hoz a retail befektetők körében, ami tovább növeli a volatilitást."
2024-12-17,"Egyes jegybankok és pénzügyi hatóságok figyelmeztetnek a kriptók kockázataira és a túlfűtött árfolyamokra, ami óvatosabbá teszi a konzervatívabb befektetőket."
2024-12-22,"A derivatív piacokon magas tőkeáttétel és kiemelkedő finanszírozási ráták mutatkoznak, ami sebezhetővé teszi a piacot egy nagyobb likvidálási hullámmal szemben."
2024-12-29,"Az év végére a BTC történelmi csúcsközeli szinten zár, miközben egyre több hang figyelmeztet, hogy a következő évben nagyobb korrekció is bekövetkezhet."
2025-01-06,"2025 elején a Bitcoin tovább emelkedik, és új történelmi csúcsokat ér el, miközben az ETF-ek és a hosszú távú befektetők iránti érdeklődés továbbra is erős."
2025-01-13,"Elemzések szerint a BTC hozama a halving óta szolidabb, de stabilabb, mint korábbi ciklusokban, ami az eszköz 'érettebbé válását' jelzi."
2025-01-20,"A globális részvénypiacokon is erős rally zajlik, a kockázatvállalási kedv magas, a BTC-vel együtt sok más kockázatos eszköz is csúcsra jár."
2025-01-24,"Nő a vita arról, hogy a Bitcoin mennyiben tekinthető még 'korai' befektetésnek, vagy már inkább 'makro-eszköz', amelyre a jegybanki és geopolitikai hírek dominánsan hatnak."
2025-01-30,"A hónap végére a BTC árfolyama extrém magas, de a volatilitás is jelentős, sokan kezdenek óvatossá válni a rövid távú kockázatokkal kapcsolatban."
2025-02-05,"Februárban jelentős, kb. 20% körüli hónapos esés bontakozik ki, amit technikai korrekcióként és a kockázatos eszközök iránti átmeneti bizalomvesztésként értelmeznek."
2025-02-11,"Makroadatok szerint a várt kamatcsökkentések késlekednek, ami növeli a dollár erősségét és nyomást gyakorol a kriptókra is."
2025-02-18,"Az ETF-ekből átmenetileg nettó kiáramlás figyelhető meg, ami felerősíti a BTC árfolyamesését, és likvidálási hullámot okoz a derivatív piacon."
2025-02-22,"Egyes elemzők szerint a korrekció egészséges a hosszú távú trend szempontjából, mivel csökkenti a túlzott tőkeáttételt és a spekulatív buborékjeleket."
2025-02-27,"A hónap végére a Bitcoin stabilizálódni látszik egy alacsonyabb, de még mindig történelmileg magas ársávban."
2025-03-04,"Március elején újabb makroadatok és jegybanki kommentárok érkeznek, amelyek vegyes képet festenek a gazdaság állapotáról; a BTC árfolyam rövid távon oldalaz."
2025-03-12,"Egy kisebb banki vagy pénzpiaci feszültség újra tematizálja a 'bankkockázat vs. decentralizált eszközök' kérdését, rövid távú BTC-felpattanást generálva."
2025-03-18,"A kriptotőzsdéken a spot és derivatív forgalom mérsékeltebb, mint a 2024 végi csúcsidőszakban, ami jelzi, hogy a piac 'lehiggadt'."
2025-03-24,"Hosszú távú on-chain mutatók szerint a hodlerek továbbra is nagy arányban tartják érméiket, ami a bizalom fennmaradását jelzi a rövid távú korrekció ellenére."
2025-03-31,"A hónap végére a BTC újra emelkedő tendenciát mutat, bár még a korábbi csúcsok alatt kereskedik."
2025-04-07,"Április elején a Bitcoin ismét erősödik, sokan a halving utáni 'második év' tipikus bikás mintázatát várják, a hozamok azonban mérsékeltebbek, mint korábbi ciklusokban."
2025-04-15,"Piaci elemzések szerint a halving óta a BTC árfolyama kb. harminc százalékkal emelkedett, ami jóval szerényebb, de stabilabb pályát jelez a korábbi 3–5-szörözésekhez képest."
2025-04-19,"Az egyéves halving-évforduló alkalmából számos elemzés jelenik meg, amelyek a Bitcoin hosszú távú kínálatpolitikáját és a 'digitális arany' narratíva tartósságát hangsúlyozzák."
2025-04-23,"A globális piacokon újra nő a kockázatvállalási kedv, ami a BTC-t is magasabb szintekre emeli, még ha a mozgások nem is olyan extrémek, mint a korábbi években."
2025-04-29,"A hónap végére a Bitcoin árfolyama stabilan a halving utáni átlag fölött marad, erősítve azt a képet, hogy egyre inkább 'érett' makro-eszközzé válik."
2025-05-05,"Május elején enyhébb korrekció indul, mivel egyes befektetők realizálják az áprilisi erősödésből származó nyereséget."
2025-05-13,"Makroadatok szerint a gazdasági növekedés lassulása és az infláció mérséklődése vegyes hatással van a kockázatos eszközökre; a BTC enyhén volatilis."
2025-05-20,"A kriptoszektorban új intézményi szereplők jelennek meg, például nagy vagyonkezelők új digitális eszközalapjai, amelyek hosszú távú keresletet generálhatnak."
2025-05-24,"Elemzések szerint a Bitcoin egyre inkább együtt mozog más makroérzékeny eszközökkel, mint az arany vagy bizonyos részvényindexek, jelezve a szerkezeti beágyazódást."
2025-05-30,"A hónap végére a BTC enyhén pluszban zár, de a rally mérsékeltebb, mint a megelőző évek extrém bikapiaci időszakai."
2025-06-04,"Június elején a globális részvénypiacokon nagyobb korrekció indul, amely a kriptókra is átterjed; a BTC árfolyama rövid időre érezhetően esik."
2025-06-11,"A kamatvárakozásokkal kapcsolatos bizonytalanság – hogy mikor és milyen ütemben vághatnak kamatot a jegybankok – tovább fokozza a volatilitást a kockázatos eszközökben."
2025-06-17,"Az ETF-ekből és derivatív piacokról vegyes jelzések érkeznek: egyes napokon nagy beáramlások, más napokon számottevő kiáramlások figyelhetők meg."
2025-06-23,"A piaci kommentárok szerint a Bitcoin már kevésbé 'kis piac', ezért érzékenyebb a globális makro- és likviditási ciklusokra, mint korábban."
2025-06-30,"A hónap végére a BTC árfolyama stabilizálódik, de még a tavaszi csúcsok alatt marad, a piac vegyesen értékeli a további emelkedés esélyeit."
2025-07-03,"Július elején a Bitcoin újra erősödni kezd, egyes napokon közelítve korábbi rekordjaihoz, amit a javuló kockázatvállalási kedv és az ETF-kereslet támaszt alá."
2025-07-10,"Elemzések szerint a BTC árfolyama időszakosan 100 000 USD fölé kerül, ami ismét erős médiavisszhangot vált ki."
2025-07-18,"A derivatív piacon nő az opciós aktivitás, a nagy lejáratok környékén kiemelkedő volatilitás alakul ki."
2025-07-23,"A spot ETF-ek kezelt vagyona új csúcsra ér, de egyes napokon már komolyabb profitrealizálások is látszanak."
2025-07-30,"A hónap végére a Bitcoin magas szinteken zár, de a piaci hangulat már kevésbé euforikus, mint 2024 végén."
2025-08-05,"Augusztus elején a kriptópiacot szélesebb értelemben érinti egy negatív hangulatváltás: a kockázatos technológiai részvények esése és a kriptók együtt mozognak."
2025-08-12,"Makroadatok és jegybanki kommentárok alapján a várt kamatcsökkentések további halasztása körvonalazódik, ami nyomást gyakorol a kockázatos eszközökre, köztük a BTC-re."
2025-08-19,"A Bitcoin árfolyama érdemben korrekcióba fordul a korábbi csúcsokról, sok tőkeáttételes pozíció likvidálódik."
2025-08-23,"Piaci jelentések szerint több 'crypto-hoarding' jellegű tőzsdei vállalat részvénye is erősen esik, ami tovább erősíti a negatív érzelmeket a szektorral kapcsolatban."
2025-08-29,"A hónap végére a BTC jelentős, de nem példátlan mértékű esésen van túl, a befektetők egy része átmenetileg kivonul a piacról."
2025-09-04,"Szeptember elején a kriptókra nehezedő eladási nyomás folytatódik, a Bitcoin több fontos technikai támaszszintet is letör."
2025-09-11,"A kockázatkerülés erősödik a világgazdaság lassulásával és az AI-tech buborékról szóló vitákkal összefüggésben, ami a BTC-re is negatívan hat."
2025-09-18,"Egyes, nagy mennyiségű kriptót tartó tőzsdei cégek (DAT-firmek) részvényei mélypontra esnek, és kénytelenek coinokat eladni, hogy likviditást teremtsenek, ami további eladási nyomást okoz a piacon."
2025-09-23,"Piaci kommentárok szerint a 2025-ös év korábbi extrém emelkedése utáni korrekcióban a Bitcoin egy 'új egyensúlyi szintet' keres a magasabb volatilitás közepette."
2025-09-30,"A hónap végére a BTC árfolyama jelentősen a 2025 eleji csúcsok alatt van, de még mindig messze a korábbi ciklusok medvepiaci mélypontjai felett."
2025-10-03,"Október elején a kriptópiacon folytatódik a bizonytalanság, sok befektető kivár, hogy a kamatpálya, az AI-buborék kockázata és a globális növekedési kilátások tisztuljanak."
2025-10-10,"Elemzések szerint több 'digital asset treasury' cég kénytelen kriptoeszközöket eladni részvényárfolyamaik védelme érdekében, ami lefelé mutató nyomást gyakorol a Bitcoinra."
2025-10-17,"A média egyre gyakrabban említi, hogy a BTC az év során elért nyereségének jelentős részét visszaadta, ami pszichológiailag is negatívan hat a befektetői szentimentre."
2025-10-23,"Néhány napra rövid felpattanás látszik a túladott technikai állapot miatt, de a makro-kép továbbra is óvatos, így a rally gyorsan kifullad."
2025-10-30,"A hónap végére a Bitcoin még mindig az év közepi csúcsok alatt forog, a piac a következő hónapok kamat- és növekedési kilátásait figyeli."
2025-11-05,"November elején a BTC továbbra is nyomás alatt áll, a globális kockázatkerülés és a kamatcsökkentések körüli bizonytalanság nem kedvez a kockázatos eszközöknek."
2025-11-12,"Jelentések szerint a kriptopiaci kapitalizáció néhány hét alatt több száz milliárd dollárral zsugorodott, a Bitcoin pedig az év eleji hozamát gyakorlatilag lenullázta."
2025-11-18,"Nemzetközi hírügynökségek arról számolnak be, hogy a Bitcoin az év eleji szintje alá esett vissza, miközben a befektetők a késlekedő kamatvágások miatt óvatosabbá váltak a kockázatos eszközökkel. "
2025-11-24,"A kriptót nagy mennyiségben tartó tőzsdei vállalatok részvényei is erős nyomás alatt vannak, sok cég árfolyama a kriptobefektetések értéke alá esik, ami további piaci feszültséget jelez."
2025-11-28,"A hónap végére a BTC egy korrekciós zónában stabilizálódik, ahol a hosszú távú hívők a 'kedvező beszállót', a rövid távú szereplők pedig a megnövekedett kockázatokat hangsúlyozzák."
