timestamp,source,title,summary,url
2025-11-27 09:50:18+00:00,reddit_CryptoCurrency,[AMA] ETH Strategy - Wartime Ethereum,"<!-- SC_OFF --><div class=""md""><p>Hello <a href=""https://www.reddit.com/r/CryptoCurrency/"">r/CryptoCurrency</a>! ETH Strategy is an onchain protocol that accumulates ETH. We have about 12,000 ETH so far, making us one of the largest ETH treasury companies, our major point of differentiation is being completely onchain. </p> <p>To simplify a complicated protocol, we want to build the best long-term leveraged bet on Ethereum. We believe ETH is going to 10k and we want to structure a trade to take advantage of that. </p> <p>The other half of the protocol is to provide downside-protected yield to people who want to farm crypto's volatility without being exposed to price. </p> <p>I am stableshaman on Twitter I love Defi, in particular lending and stablecoins (obviously). I will pass on questions to our other team members: </p> <p>Cloutedmind, Econdegen, Napenjoyer and 0xTex</p> <p>We would love to answer any questions about ETH Strategy, Defi or in particular options, as structured options trades are a hyper-fixation for the team. </p> <p>Super excited, ask away! </p> </div><!-- SC_ON --> &#32; submitted by &#32; <a href=""https://www.reddit.com/user/Shaman_ETH_Strategy""> /u/Shaman_ETH_Strategy </a> <br /> <span><a href=""https://www.reddit.com/r/CryptoCurrency/comments/1p7ycjr/ama_eth_strategy_wartime_ethereum/"">[link]</a></span> &#32; <span><a href=""https://www.reddit.com/r/CryptoCurrency/comments/1p7ycjr/ama_eth_strategy_wartime_ethereum/"">[comments]</a></span>",https://www.reddit.com/r/CryptoCurrency/comments/1p7ycjr/ama_eth_strategy_wartime_ethereum/
2025-11-27 11:44:25+00:00,coindesk,Australiaâ€™s New Digital Assets Bill Seeks to Prevent Past Crypto Failures,,https://www.coindesk.com/policy/2025/11/27/australia-s-new-digital-assets-bill-seeks-to-prevent-past-crypto-failures
2025-11-27 13:09:43+00:00,coindesk,"BNB Holds Below $900 Level as Onchain Activity Slumps, Network Updrages Loom",,https://www.coindesk.com/markets/2025/11/27/bnb-holds-below-usd900-level-as-onchain-activity-slumps-network-updrages-loom
2025-11-27 13:30:59+00:00,reddit_CryptoCurrency,President DJT-Backed Crypto WLFI Promotes â€˜Shit Piss Skin Canâ€™ Coin,"<table> <tr><td> <a href=""https://www.reddit.com/r/CryptoCurrency/comments/1p829k0/president_djtbacked_crypto_wlfi_promotes_shit/""> <img alt=""President DJT-Backed Crypto WLFI Promotes â€˜Shit Piss Skin Canâ€™ Coin"" src=""https://external-preview.redd.it/LlBs6td9zrJaTBXdRW1RDgX1Fmu3FwQW93gRnUdYTas.jpeg?width=640&amp;crop=smart&amp;auto=webp&amp;s=9666f299385c2bff07e17d0d350a86526c52e3d7"" title=""President DJT-Backed Crypto WLFI Promotes â€˜Shit Piss Skin Canâ€™ Coin"" /> </a> </td><td> &#32; submitted by &#32; <a href=""https://www.reddit.com/user/Dongerated""> /u/Dongerated </a> <br /> <span><a href=""https://gizmodo.com/trump-crypto-bitcoin-btc-price-shit-piss-skin-can-wlfi-2000692230"">[link]</a></span> &#32; <span><a href=""https://www.reddit.com/r/CryptoCurrency/comments/1p829k0/president_djtbacked_crypto_wlfi_promotes_shit/"">[comments]</a></span> </td></tr></table>",https://www.reddit.com/r/CryptoCurrency/comments/1p829k0/president_djtbacked_crypto_wlfi_promotes_shit/
2025-11-27 13:50:10+00:00,reddit_CryptoCurrency,Happy Thanksgiving,"<table> <tr><td> <a href=""https://www.reddit.com/r/CryptoCurrency/comments/1p82o58/happy_thanksgiving/""> <img alt=""Happy Thanksgiving"" src=""https://preview.redd.it/wr6svmx71t3g1.png?width=320&amp;crop=smart&amp;auto=webp&amp;s=fe63bcf0ee344191a58c7914eb9b30d1b71edcbd"" title=""Happy Thanksgiving"" /> </a> </td><td> &#32; submitted by &#32; <a href=""https://www.reddit.com/user/Odd-Radio-8500""> /u/Odd-Radio-8500 </a> <br /> <span><a href=""https://i.redd.it/wr6svmx71t3g1.png"">[link]</a></span> &#32; <span><a href=""https://www.reddit.com/r/CryptoCurrency/comments/1p82o58/happy_thanksgiving/"">[comments]</a></span> </td></tr></table>",https://www.reddit.com/r/CryptoCurrency/comments/1p82o58/happy_thanksgiving/
2025-11-27 15:14:24+00:00,coindesk,Bitcoin Whales Return to Buying for the First Time Since August as Price Recovers Above $90K,,https://www.coindesk.com/markets/2025/11/27/bitcoin-whales-return-to-buying-for-the-first-time-since-august-as-price-recovers-above-usd90k
2025-11-27 15:15:47+00:00,coindesk,"Justin Sun Doubles Down on First Digital Trust Fraud Allegations, Urges H.K. Regulators to Act",,https://www.coindesk.com/policy/2025/11/27/justin-sun-doubles-down-on-first-digital-trust-fraud-allegations-urges-h-k-regulators-to-act
2025-11-27 15:27:32+00:00,reddit_CryptoCurrency,U.S. Bank Calls Ability to Freeze Stablecoins 'Appealing' as Crypto Has Completely Lost the Plot,"<table> <tr><td> <a href=""https://www.reddit.com/r/CryptoCurrency/comments/1p84xz7/us_bank_calls_ability_to_freeze_stablecoins/""> <img alt=""U.S. Bank Calls Ability to Freeze Stablecoins 'Appealing' as Crypto Has Completely Lost the Plot"" src=""https://external-preview.redd.it/cspK_nrAxOVm0d1sMSNWNhK5lWca5cQVoR_VIWd2sXc.jpeg?width=640&amp;crop=smart&amp;auto=webp&amp;s=6824b7ad32884d903f66c53674f5a0432207d9c0"" title=""U.S. Bank Calls Ability to Freeze Stablecoins 'Appealing' as Crypto Has Completely Lost the Plot"" /> </a> </td><td> &#32; submitted by &#32; <a href=""https://www.reddit.com/user/Then_Helicopter4243""> /u/Then_Helicopter4243 </a> <br /> <span><a href=""https://gizmodo.com/u-s-bank-calls-ability-to-freeze-stablecoins-appealing-as-crypto-has-completely-lost-the-plot-2000692407"">[link]</a></span> &#32; <span><a href=""https://www.reddit.com/r/CryptoCurrency/comments/1p84xz7/us_bank_calls_ability_to_freeze_stablecoins/"">[comments]</a></span> </td></tr></table>",https://www.reddit.com/r/CryptoCurrency/comments/1p84xz7/us_bank_calls_ability_to_freeze_stablecoins/
2025-11-27 15:48:44+00:00,reddit_CryptoCurrency,Bitcoin sees â€˜significant step forwardâ€™ as $97K BTC price targets return,"<table> <tr><td> <a href=""https://www.reddit.com/r/CryptoCurrency/comments/1p85gqk/bitcoin_sees_significant_step_forward_as_97k_btc/""> <img alt=""Bitcoin sees â€˜significant step forwardâ€™ as $97K BTC price targets return"" src=""https://external-preview.redd.it/D-K_SWd7xNd_9lbMihKeLLU47efzZTe4I91h9hYM1gA.jpeg?width=640&amp;crop=smart&amp;auto=webp&amp;s=41d83f7cd38d695dccbf8a4d8f8b9f0529c9b5f5"" title=""Bitcoin sees â€˜significant step forwardâ€™ as $97K BTC price targets return"" /> </a> </td><td> &#32; submitted by &#32; <a href=""https://www.reddit.com/user/KIG45""> /u/KIG45 </a> <br /> <span><a href=""https://cointelegraph.com/news/bitcoin-significant-step-forward-97k-btc-price-targets-return"">[link]</a></span> &#32; <span><a href=""https://www.reddit.com/r/CryptoCurrency/comments/1p85gqk/bitcoin_sees_significant_step_forward_as_97k_btc/"">[comments]</a></span> </td></tr></table>",https://www.reddit.com/r/CryptoCurrency/comments/1p85gqk/bitcoin_sees_significant_step_forward_as_97k_btc/
2025-11-27 15:49:53+00:00,coindesk,"UK Proposes â€˜No Gain, No Lossâ€™ Tax Rule for DeFi in 'Major Win' for Users",,https://www.coindesk.com/policy/2025/11/27/uk-proposes-no-gain-no-loss-tax-rule-for-defi-in-major-win-for-users
2025-11-27 16:00:00+00:00,coindesk,Crypto for Advisors: Cryptoâ€™s Role in Portfolios,,https://www.coindesk.com/coindesk-indices/2025/11/26/crypto-for-advisors-crypto-s-role-in-portfolios
2025-11-27 16:12:08+00:00,coindesk,Hash Ribbon Flashes Signal That Often Marks Cyclical Bottoms for Bitcoin Price,,https://www.coindesk.com/markets/2025/11/27/hash-ribbon-flashes-signal-that-often-marks-cyclical-bottoms-for-bitcoin-price
2025-11-27 16:38:20+00:00,reddit_CryptoCurrency,Ethereum raises block gas limit to 60M as network capacity climbs ahead of Fusaka,"<table> <tr><td> <a href=""https://www.reddit.com/r/CryptoCurrency/comments/1p86p8i/ethereum_raises_block_gas_limit_to_60m_as_network/""> <img alt=""Ethereum raises block gas limit to 60M as network capacity climbs ahead of Fusaka"" src=""https://external-preview.redd.it/sM75dq2SZBrjq2uIPzHB4wLTFsT6-AYdm1nqq56zbSU.jpeg?width=640&amp;crop=smart&amp;auto=webp&amp;s=2162603a762db4655f8dcb64684b978859b59805"" title=""Ethereum raises block gas limit to 60M as network capacity climbs ahead of Fusaka"" /> </a> </td><td> &#32; submitted by &#32; <a href=""https://www.reddit.com/user/DirectionMundane5468""> /u/DirectionMundane5468 </a> <br /> <span><a href=""https://cointelegraph.com/news/ethereum-validators-push-gas-limit-60m-scaling"">[link]</a></span> &#32; <span><a href=""https://www.reddit.com/r/CryptoCurrency/comments/1p86p8i/ethereum_raises_block_gas_limit_to_60m_as_network/"">[comments]</a></span> </td></tr></table>",https://www.reddit.com/r/CryptoCurrency/comments/1p86p8i/ethereum_raises_block_gas_limit_to_60m_as_network/
2025-11-27 16:40:06+00:00,reddit_CryptoCurrency,JPMorgan opens leveraged Bitcoin access to retail while closing crypto CEOâ€™s account,"<table> <tr><td> <a href=""https://www.reddit.com/r/CryptoCurrency/comments/1p86qsi/jpmorgan_opens_leveraged_bitcoin_access_to_retail/""> <img alt=""JPMorgan opens leveraged Bitcoin access to retail while closing crypto CEOâ€™s account"" src=""https://external-preview.redd.it/ENZRDAthAqoZiwFSiUGgTH0W2ayRikIu14vF7pIEBIg.jpeg?width=640&amp;crop=smart&amp;auto=webp&amp;s=9e10040cb586ba5f5ded71429b94ed1927deb0c1"" title=""JPMorgan opens leveraged Bitcoin access to retail while closing crypto CEOâ€™s account"" /> </a> </td><td> &#32; submitted by &#32; <a href=""https://www.reddit.com/user/DirectionMundane5468""> /u/DirectionMundane5468 </a> <br /> <span><a href=""https://cryptoslate.com/jpmorgan-opens-leveraged-bitcoin-access-to-retail-while-closing-crypto-ceos-account/"">[link]</a></span> &#32; <span><a href=""https://www.reddit.com/r/CryptoCurrency/comments/1p86qsi/jpmorgan_opens_leveraged_bitcoin_access_to_retail/"">[comments]</a></span> </td></tr></table>",https://www.reddit.com/r/CryptoCurrency/comments/1p86qsi/jpmorgan_opens_leveraged_bitcoin_access_to_retail/
2025-11-27 17:49:40+00:00,coindesk,Avalanche ETF Race Heats Up as Bitwise Becomes First to Add Staking,,https://www.coindesk.com/business/2025/11/27/avalanche-etf-race-heats-up-as-bitwise-becomes-first-to-add-staking
2025-11-27 18:30:43+00:00,reddit_CryptoCurrency,Jim Cramer Picked The Literal Bottom Of The Bitcoin Dipâ€¦ Again! Every. Single. Timeâ€¦,"<table> <tr><td> <a href=""https://www.reddit.com/r/CryptoCurrency/comments/1p89h16/jim_cramer_picked_the_literal_bottom_of_the/""> <img alt=""Jim Cramer Picked The Literal Bottom Of The Bitcoin Dipâ€¦ Again! Every. Single. Timeâ€¦"" src=""https://b.thumbs.redditmedia.com/myGd1o4fuKx16-ADBh1_FKXwU7P1pXo0KHGDrW1lkHM.jpg"" title=""Jim Cramer Picked The Literal Bottom Of The Bitcoin Dipâ€¦ Again! Every. Single. Timeâ€¦"" /> </a> </td><td> <!-- SC_OFF --><div class=""md""><p>Source: <a href=""https://x.com/BitcoinArchive/status/1994041825586524308"">https://x.com/BitcoinArchive/status/1994041825586524308</a></p> </div><!-- SC_ON --> &#32; submitted by &#32; <a href=""https://www.reddit.com/user/kirtash93""> /u/kirtash93 </a> <br /> <span><a href=""https://www.reddit.com/gallery/1p89h16"">[link]</a></span> &#32; <span><a href=""https://www.reddit.com/r/CryptoCurrency/comments/1p89h16/jim_cramer_picked_the_literal_bottom_of_the/"">[comments]</a></span> </td></tr></table>",https://www.reddit.com/r/CryptoCurrency/comments/1p89h16/jim_cramer_picked_the_literal_bottom_of_the/
2025-11-27 19:22:01+00:00,reddit_CryptoCurrency,"Bitcoin addresses with over 1,000 coins surge during recent market dip","<table> <tr><td> <a href=""https://www.reddit.com/r/CryptoCurrency/comments/1p8aovb/bitcoin_addresses_with_over_1000_coins_surge/""> <img alt=""Bitcoin addresses with over 1,000 coins surge during recent market dip"" src=""https://external-preview.redd.it/tZ9TzGClTF-22VSMX6v2FIoeDSih_-ODHSXlLakqzOk.jpeg?width=640&amp;crop=smart&amp;auto=webp&amp;s=73cbc38829398ba1f605fefeb1371880f21d77bb"" title=""Bitcoin addresses with over 1,000 coins surge during recent market dip"" /> </a> </td><td> &#32; submitted by &#32; <a href=""https://www.reddit.com/user/KIG45""> /u/KIG45 </a> <br /> <span><a href=""https://cryptobriefing.com/bitcoin-whale-accumulation-market-dip-2024/"">[link]</a></span> &#32; <span><a href=""https://www.reddit.com/r/CryptoCurrency/comments/1p8aovb/bitcoin_addresses_with_over_1000_coins_surge/"">[comments]</a></span> </td></tr></table>",https://www.reddit.com/r/CryptoCurrency/comments/1p8aovb/bitcoin_addresses_with_over_1000_coins_surge/
2025-11-27 19:26:42+00:00,reddit_CryptoCurrency,"A definitely, very real, Bitcoin Chart that is super Real and Definitely not not fake. To show your family who told you not to throw your down payment money on Bitcoin at 118k.","<table> <tr><td> <a href=""https://www.reddit.com/r/CryptoCurrency/comments/1p8asvg/a_definitely_very_real_bitcoin_chart_that_is/""> <img alt=""A definitely, very real, Bitcoin Chart that is super Real and Definitely not not fake. To show your family who told you not to throw your down payment money on Bitcoin at 118k."" src=""https://preview.redd.it/d7emgtv1pu3g1.png?width=640&amp;crop=smart&amp;auto=webp&amp;s=6bb6536005bedd920b5414c8120694a5ea986645"" title=""A definitely, very real, Bitcoin Chart that is super Real and Definitely not not fake. To show your family who told you not to throw your down payment money on Bitcoin at 118k."" /> </a> </td><td> &#32; submitted by &#32; <a href=""https://www.reddit.com/user/GabeSter""> /u/GabeSter </a> <br /> <span><a href=""https://i.redd.it/d7emgtv1pu3g1.png"">[link]</a></span> &#32; <span><a href=""https://www.reddit.com/r/CryptoCurrency/comments/1p8asvg/a_definitely_very_real_bitcoin_chart_that_is/"">[comments]</a></span> </td></tr></table>",https://www.reddit.com/r/CryptoCurrency/comments/1p8asvg/a_definitely_very_real_bitcoin_chart_that_is/
2025-11-27 20:08:37+00:00,coindesk,Trump Family-Linked Alt5 Sigma Ousts Top Execs After CEO Suspension Shakes Up Leadership,,https://www.coindesk.com/business/2025/11/27/trump-family-linked-alt5-sigma-ousts-top-execs-after-ceo-suspension-shakes-up-leadership
2025-11-27 20:11:39+00:00,coindesk,Toncoin Lags Broader Crypto Rebound as Derivatives Data Shows Cautious Optimism,,https://www.coindesk.com/markets/2025/11/27/toncoin-lags-broader-crypto-rebound-as-derivatives-data-shows-cautious-optimism
2025-11-27 21:02:42+00:00,reddit_CryptoCurrency,Vitalik Buterin Donates $765K to Privacy Messaging Apps,"<table> <tr><td> <a href=""https://www.reddit.com/r/CryptoCurrency/comments/1p8czfh/vitalik_buterin_donates_765k_to_privacy_messaging/""> <img alt=""Vitalik Buterin Donates $765K to Privacy Messaging Apps"" src=""https://external-preview.redd.it/hOP6k4yI8DhEgiqfkYX-3zCCgJNtlOKDQhla2s5bduc.jpeg?width=640&amp;crop=smart&amp;auto=webp&amp;s=0876377fc4cc0b215972c0b65f833416e334d7b5"" title=""Vitalik Buterin Donates $765K to Privacy Messaging Apps"" /> </a> </td><td> &#32; submitted by &#32; <a href=""https://www.reddit.com/user/partymsl""> /u/partymsl </a> <br /> <span><a href=""https://decrypt.co/350253/vitalik-buterin-donates-765k-in-ethereum-to-privacy-messaging-apps"">[link]</a></span> &#32; <span><a href=""https://www.reddit.com/r/CryptoCurrency/comments/1p8czfh/vitalik_buterin_donates_765k_to_privacy_messaging/"">[comments]</a></span> </td></tr></table>",https://www.reddit.com/r/CryptoCurrency/comments/1p8czfh/vitalik_buterin_donates_765k_to_privacy_messaging/
2025-11-27 21:25:51+00:00,reddit_CryptoCurrency,We Are Not The Same Anymoreâ€¦ Not After Riding Crypto,"<table> <tr><td> <a href=""https://www.reddit.com/r/CryptoCurrency/comments/1p8dhig/we_are_not_the_same_anymore_not_after_riding/""> <img alt=""We Are Not The Same Anymoreâ€¦ Not After Riding Crypto"" src=""https://preview.redd.it/x0tvzbn8av3g1.png?width=320&amp;crop=smart&amp;auto=webp&amp;s=358d8e3fbde1fdee769543782c4b2161407ecb28"" title=""We Are Not The Same Anymoreâ€¦ Not After Riding Crypto"" /> </a> </td><td> <!-- SC_OFF --><div class=""md""><p><a href=""https://x.com/naiivememe/status/1994003177616888243"">https://x.com/naiivememe/status/1994003177616888243</a></p> </div><!-- SC_ON --> &#32; submitted by &#32; <a href=""https://www.reddit.com/user/kirtash93""> /u/kirtash93 </a> <br /> <span><a href=""https://i.redd.it/x0tvzbn8av3g1.png"">[link]</a></span> &#32; <span><a href=""https://www.reddit.com/r/CryptoCurrency/comments/1p8dhig/we_are_not_the_same_anymore_not_after_riding/"">[comments]</a></span> </td></tr></table>",https://www.reddit.com/r/CryptoCurrency/comments/1p8dhig/we_are_not_the_same_anymore_not_after_riding/
2025-11-27 21:39:14+00:00,coindesk,Balancer DAO Starts Discussing $8M Recovery Plan After $110M Exploit Cut TVL by Two-Thirds,,https://www.coindesk.com/web3/2025/11/27/balancer-dao-starts-discussing-usd8m-recovery-plan-after-usd110m-exploit-cut-tvl-by-two-thirds
2025-11-28 01:00:48+00:00,reddit_CryptoCurrency,"Daily Crypto Discussion - November 28, 2025 (GMT+0)","<!-- SC_OFF --><div class=""md""><p><strong>Welcome to the Daily Crypto Discussion thread. Please read the disclaimer and rules before participating.</strong></p> <p> </p> <h1>Disclaimer:</h1> <p>Consider all information posted here with several liberal heaps of salt, and always cross check any information you may read on this thread with known sources. Any trade information posted in this open thread may be highly misleading, and could be an attempt to manipulate new readers by known &quot;pump and dump (PnD) groups&quot; for their own profit. BEWARE of such practices and exercise utmost caution before acting on any trade tip mentioned here.</p> <p><strong>Please be careful about what information you share and the actions you take.</strong> Do not share the amounts of your portfolios (why not just share percentage?). Do not share your private keys or wallet seed. Use strong, non-SMS 2FA if possible. Beware of scammers and be smart. Do not invest more than you can afford to lose, and do not fall for pyramid schemes, promises of unrealistic returns (get-rich-quick schemes), and other common scams.</p> <p> </p> <h1>Rules:</h1> <ul> <li>All <a href=""https://www.reddit.com/r/CryptoCurrency/about/rules/"">sub rules</a> apply in this thread. The prior exemption for karma and age requirements is no longer in effect.</li> <li>Discussion topics must be related to cryptocurrency.</li> <li>Behave with civility and politeness. Do not use offensive, racist or homophobic language.</li> <li>Comments will be sorted by newest first.</li> </ul> <p> </p> <h1>Useful Links:</h1> <ul> <li><a href=""https://www.reddit.com/r/CryptoCurrency/wiki/beginner_resources""><strong>Beginner Resources</strong></a></li> <li><a href=""https://www.reddit.com/r/CryptoCurrency/comments/gj96lb/introducing_rcryptocurrency_moons/""><strong>Intro to</strong> <strong>r/Cryptocurrency</strong> <strong>MOONs ðŸŒ”</strong></a></li> <li><a href=""https://www.reddit.com/r/CryptoCurrency/wiki/moons_wiki/""><strong>MOONs Wiki Page</strong></a></li> <li><a href=""https://discord.gg/ZuU9Gqeqmy""><strong>r/CryptoCurrency</strong> <strong>Discord</strong></a></li> <li><a href=""https://www.reddit.com/r/cryptocurrencymemes""><strong>r/CryptoCurrencyMemes</strong></a></li> <li><a href=""https://www.reddit.com/r/CryptoCurrency/search?q=title%3A%22Daily+Crypto+Discussion+-+%22+&amp;restrict_sr=on&amp;sort=new&amp;t=all""><strong>Prior Daily Discussions</strong></a> - (Link fixed.)</li> <li><a href=""https://www.reddit.com/r/CryptoCurrencyMeta/""><strong>r/CryptoCurrencyMeta</strong></a> - Join in on all meta discussions regarding <a href=""https://www.reddit.com/r/CryptoCurrency"">r/CryptoCurrency</a> whether it be moon distributions or governance.</li> </ul> <p> </p> <h1>Finding Other Discussion Threads</h1> <p>Follow a mod account below to be notified in your home feed when the latest <a href=""https://www.reddit.com/r/CC"">r/CC</a> discussion thread of your interest is posted.</p> <ul> <li><a href=""https://www.reddit.com/u/CryptoDaily-"">u/CryptoDaily-</a> â€” Posts the Daily Crypto Discussion threads.</li> <li><a href=""https://www.reddit.com/u/CryptoSkeptics"">u/CryptoSkeptics</a> â€” Posts the Monthly Skeptics Discussion threads.</li> <li><a href=""https://www.reddit.com/u/CryptoOptimists-"">u/CryptoOptimists-</a> â€” Posts the Monthly Optimists Discussion threads.</li> <li><a href=""https://www.reddit.com/u/CryptoNewsUpdates"">u/CryptoNewsUpdates</a> â€” Posts the Monthly News Summary threads.</li> </ul> </div><!-- SC_ON --> &#32; submitted by &#32; <a href=""https://www.reddit.com/user/AutoModerator""> /u/AutoModerator </a> <br /> <span><a href=""https://www.reddit.com/r/CryptoCurrency/comments/1p8htj4/daily_crypto_discussion_november_28_2025_gmt0/"">[link]</a></span> &#32; <span><a href=""https://www.reddit.com/r/CryptoCurrency/comments/1p8htj4/daily_crypto_discussion_november_28_2025_gmt0/"">[comments]</a></span>",https://www.reddit.com/r/CryptoCurrency/comments/1p8htj4/daily_crypto_discussion_november_28_2025_gmt0/
2025-11-28 02:24:26+00:00,coindesk,"Asia Morning Briefing: Bitcoin Steadies Near $90,000 Even as ETF Outflows Cap Upside",,https://www.coindesk.com/markets/2025/11/28/asia-morning-briefing-bitcoin-steadies-near-usd90-000-even-as-etf-outflows-cap-upside
2025-11-28 02:54:18+00:00,reddit_CryptoCurrency,Australia Moves to Regulate Crypto Platforms Under New Consumer-Protection Law,"<table> <tr><td> <a href=""https://www.reddit.com/r/CryptoCurrency/comments/1p8jzsr/australia_moves_to_regulate_crypto_platforms/""> <img alt=""Australia Moves to Regulate Crypto Platforms Under New Consumer-Protection Law"" src=""https://external-preview.redd.it/fOiDBIZNMbmsy5gVKgeDryyI8jXd622hQTQyV77Bq80.jpeg?width=640&amp;crop=smart&amp;auto=webp&amp;s=d08cbc335e9b0c4922956c2a3ae07a13e1e73ac4"" title=""Australia Moves to Regulate Crypto Platforms Under New Consumer-Protection Law"" /> </a> </td><td> &#32; submitted by &#32; <a href=""https://www.reddit.com/user/diwalost""> /u/diwalost </a> <br /> <span><a href=""https://decrypt.co/350192/australia-regulate-crypto-platforms-new-consumer-protection-law"">[link]</a></span> &#32; <span><a href=""https://www.reddit.com/r/CryptoCurrency/comments/1p8jzsr/australia_moves_to_regulate_crypto_platforms/"">[comments]</a></span> </td></tr></table>",https://www.reddit.com/r/CryptoCurrency/comments/1p8jzsr/australia_moves_to_regulate_crypto_platforms/
2025-11-28 03:30:28+00:00,coindesk,MegaETHâ€™s $500M Pre-Deposit Turns Into a Full Rewind After Missteps Pile Up,,https://www.coindesk.com/markets/2025/11/28/megaeth-s-usd500m-pre-deposit-turns-into-a-full-rewind-after-missteps-pile-up
2025-11-28 03:50:41+00:00,coindesk,XRP Faces Downside Risk as Historical Patterns Point to $1.50,,https://www.coindesk.com/markets/2025/11/28/xrp-faces-downside-risk-as-historical-patterns-point-to-usd1-50
2025-11-28 04:24:52+00:00,coindesk,DOGE Underperforms Majors as Support Failure Confirms Bearish Shift,,https://www.coindesk.com/markets/2025/11/28/doge-underperforms-majors-as-support-failure-confirms-bearish-shift
2025-11-28 05:03:13+00:00,coindesk,Solana Traders Hit by Months-Long Browser Malware That Skimmed Every Swap,,https://www.coindesk.com/markets/2025/11/28/solana-traders-hit-by-months-long-browser-malware-that-skimmed-every-swap
2025-11-28 05:18:56+00:00,coindesk,South Korea Suspects North Korea-Linked Lazarus Behind $36M Upbit Hack,,https://www.coindesk.com/markets/2025/11/28/south-korea-suspects-north-korea-linked-lazarus-behind-usd36m-upbit-hack
2025-11-28 05:20:24+00:00,reddit_CryptoCurrency,S&P cuts Tether stablecoin rating to 'weak' on disclosure gaps,"<!-- SC_OFF --><div class=""md""><p>S&amp;P Global Ratings downgrades Tether to '5 (weak)' Tether says it disagrees with S&amp;P report S&amp;P says Tether has raised holdings of bitcoin, gold</p> <p>PARIS, Nov 26 (Reuters) - S&amp;P Global downgraded its rating of Tether, the world's largest stablecoin on Wednesday, citing an increase in higher-risk assets in its reserves and &quot;persistent gaps in disclosure&quot;. Tether said it &quot;strongly disagrees with the characterization presented in the report&quot; by S&amp;P which said that it now rated the company's token, known as USDT, as &quot;5 (weak)&quot;, which is the lowest possible score, downgrading it from &quot;4 (constrained)&quot;.</p> </div><!-- SC_ON --> &#32; submitted by &#32; <a href=""https://www.reddit.com/user/5alzamt""> /u/5alzamt </a> <br /> <span><a href=""https://www.reuters.com/business/finance/tethers-stablecoin-downgraded-weak-sp-assessment-2025-11-26/"">[link]</a></span> &#32; <span><a href=""https://www.reddit.com/r/CryptoCurrency/comments/1p8mo58/sp_cuts_tether_stablecoin_rating_to_weak_on/"">[comments]</a></span>",https://www.reddit.com/r/CryptoCurrency/comments/1p8mo58/sp_cuts_tether_stablecoin_rating_to_weak_on/
2025-11-28 05:38:33+00:00,reddit_CryptoCurrency,Lazarus-Suspected Hack Casts Doubt on Upbit's Future,"<table> <tr><td> <a href=""https://www.reddit.com/r/CryptoCurrency/comments/1p8mzou/lazarussuspected_hack_casts_doubt_on_upbits_future/""> <img alt=""Lazarus-Suspected Hack Casts Doubt on Upbit's Future"" src=""https://external-preview.redd.it/juy_O___ccAiue5rXnbDXyzbzWVD8ph0hKqWcEVok88.jpeg?width=640&amp;crop=smart&amp;auto=webp&amp;s=66fcf26a989b81a7a27abcfa04f1125efe98dac4"" title=""Lazarus-Suspected Hack Casts Doubt on Upbit's Future"" /> </a> </td><td> &#32; submitted by &#32; <a href=""https://www.reddit.com/user/GreedVault""> /u/GreedVault </a> <br /> <span><a href=""https://beincrypto.com/upbit-hack-threatens-dunamu-naver-merger/"">[link]</a></span> &#32; <span><a href=""https://www.reddit.com/r/CryptoCurrency/comments/1p8mzou/lazarussuspected_hack_casts_doubt_on_upbits_future/"">[comments]</a></span> </td></tr></table>",https://www.reddit.com/r/CryptoCurrency/comments/1p8mzou/lazarussuspected_hack_casts_doubt_on_upbits_future/
2025-11-28 05:42:30+00:00,coindesk,"Cryptos Steady as BTC Hits Key Fib Level, Traders See Room for $100K but Little Beyond",,https://www.coindesk.com/markets/2025/11/28/bitcoin-volatility-steadies-as-some-predict-move-to-usd100k-zec-rally-sees-profit-taking
2025-11-28 06:05:14+00:00,reddit_CryptoCurrency,Thailand 0% capital gains tax Emerges as a New Frontier for Crypto Investment,"<table> <tr><td> <a href=""https://www.reddit.com/r/CryptoCurrency/comments/1p8ngam/thailand_0_capital_gains_tax_emerges_as_a_new/""> <img alt=""Thailand 0% capital gains tax Emerges as a New Frontier for Crypto Investment"" src=""https://external-preview.redd.it/GX-Xst7ViuN6CVpetmmcCqBGF3zAJK06LzRDvVyVzFA.png?width=640&amp;crop=smart&amp;auto=webp&amp;s=9abec455737c595c04dcd54218fdb2654a2c1430"" title=""Thailand 0% capital gains tax Emerges as a New Frontier for Crypto Investment"" /> </a> </td><td> <!-- SC_OFF --><div class=""md""><p>Thailand is throwing down the gauntlet with a bold declaration: as of January 2025, there will be a 0% capital gains tax on cryptocurrency profits. This visionary policy positions Thailand as a serious contender in the global race for crypto dominance, inviting both local enthusiasts and international investors to explore the burgeoning digital asset landscape without the burden of steep taxes.</p> <p>For crypto investors looking for fertile ground, Thailandâ€™s initiative is a beacon, signaling a new dawn for digital investment in Southeast Asia. Other Asian based CEXs like Bitget are also making strides providing tokenized US stocks and RWA onchain for users to trade... they added other initiatives like Bitget lucky scratch for users to win 777 USDT and BGB which has also boosted trading activities</p> <p>Overall, Thailand's innovative tax exemption is more than just a local initiative; it has the potential to resonate on the global stage. Other countries observing Thailand may realize the importance of crafting flexible regulations that can adapt to rapid changes in the crypto landscape. As nations evaluate their own approaches to cryptocurrency, Thailand's proactive stance might act as a catalyst for a sweeping rethinking of tax structures and regulatory frameworks worldwide, as jurisdictions strive to attract investment in this volatile but promising market.</p> </div><!-- SC_ON --> &#32; submitted by &#32; <a href=""https://www.reddit.com/user/LavishlyRitzyy""> /u/LavishlyRitzyy </a> <br /> <span><a href=""https://www.onesafe.io/blog/thailand-crypto-tax-exemption"">[link]</a></span> &#32; <span><a href=""https://www.reddit.com/r/CryptoCurrency/comments/1p8ngam/thailand_0_capital_gains_tax_emerges_as_a_new/"">[comments]</a></span> </td></tr></table>",https://www.reddit.com/r/CryptoCurrency/comments/1p8ngam/thailand_0_capital_gains_tax_emerges_as_a_new/
2025-11-28 06:24:35+00:00,coindesk,Bitcoin and S&P 500 Year-End Bull Run Loading? Vol Metrics Say Yes,,https://www.coindesk.com/markets/2025/11/28/bitcoin-and-s-and-p-500-year-end-bull-run-loading-vol-metrics-say-yes
2025-11-28 07:06:52+00:00,reddit_CryptoCurrency,Bitcoin and S&P 500 Year-End Bull Run Loading? Vol Metrics Say Yes,"&#32; submitted by &#32; <a href=""https://www.reddit.com/user/Every_Hunt_160""> /u/Every_Hunt_160 </a> <br /> <span><a href=""https://www.coindesk.com/markets/2025/11/28/bitcoin-and-s-and-p-500-year-end-bull-run-loading-vol-metrics-say-yes"">[link]</a></span> &#32; <span><a href=""https://www.reddit.com/r/CryptoCurrency/comments/1p8ohnl/bitcoin_and_sp_500_yearend_bull_run_loading_vol/"">[comments]</a></span>",https://www.reddit.com/r/CryptoCurrency/comments/1p8ohnl/bitcoin_and_sp_500_yearend_bull_run_loading_vol/
2025-11-28 08:10:05+00:00,reddit_CryptoCurrency,BitMine expands Ethereum treasury holdings with latest $44M ETH purchase,"&#32; submitted by &#32; <a href=""https://www.reddit.com/user/Illperformance6969""> /u/Illperformance6969 </a> <br /> <span><a href=""https://crypto.news/bitmine-ethereum-treasury-holdings-44m-eth-buy-2025/"">[link]</a></span> &#32; <span><a href=""https://www.reddit.com/r/CryptoCurrency/comments/1p8ph84/bitmine_expands_ethereum_treasury_holdings_with/"">[comments]</a></span>",https://www.reddit.com/r/CryptoCurrency/comments/1p8ph84/bitmine_expands_ethereum_treasury_holdings_with/
2025-11-28 09:37:08+00:00,reddit_CryptoCurrency,BlackRockâ€™s IBIT is graduating to mega-cap options â€” opening the door to bank-grade products in your brokerage,"<table> <tr><td> <a href=""https://www.reddit.com/r/CryptoCurrency/comments/1p8qt9w/blackrocks_ibit_is_graduating_to_megacap_options/""> <img alt=""BlackRockâ€™s IBIT is graduating to mega-cap options â€” opening the door to bank-grade products in your brokerage"" src=""https://external-preview.redd.it/ek9yBThJ4zfHRhyxmQSkH0EB16aIBfRbSUx56QXqQjU.jpeg?width=640&amp;crop=smart&amp;auto=webp&amp;s=6c3c98e150f6e5c2172aab789ec88713b76d632a"" title=""BlackRockâ€™s IBIT is graduating to mega-cap options â€” opening the door to bank-grade products in your brokerage"" /> </a> </td><td> &#32; submitted by &#32; <a href=""https://www.reddit.com/user/Illperformance6969""> /u/Illperformance6969 </a> <br /> <span><a href=""https://cryptoslate.com/blackrocks-ibit-is-graduating-to-mega-cap-options-opening-the-door-to-bank-grade-products-in-your-brokerage/"">[link]</a></span> &#32; <span><a href=""https://www.reddit.com/r/CryptoCurrency/comments/1p8qt9w/blackrocks_ibit_is_graduating_to_megacap_options/"">[comments]</a></span> </td></tr></table>",https://www.reddit.com/r/CryptoCurrency/comments/1p8qt9w/blackrocks_ibit_is_graduating_to_megacap_options/
2025-11-28 09:54:20+00:00,reddit_CryptoCurrency,Do Kwon requests 5-year prison term cap in $40 billion Terra fraud case,"&#32; submitted by &#32; <a href=""https://www.reddit.com/user/DryMyBottom""> /u/DryMyBottom </a> <br /> <span><a href=""https://www.theblock.co/post/380739/do-kwon-5-year-prison-term"">[link]</a></span> &#32; <span><a href=""https://www.reddit.com/r/CryptoCurrency/comments/1p8r2r4/do_kwon_requests_5year_prison_term_cap_in_40/"">[comments]</a></span>",https://www.reddit.com/r/CryptoCurrency/comments/1p8r2r4/do_kwon_requests_5year_prison_term_cap_in_40/
2025-11-28 09:55:39+00:00,reddit_CryptoCurrency,Bitcoin set for â€˜promising new yearâ€™ as it faces worst November in 7 years,"&#32; submitted by &#32; <a href=""https://www.reddit.com/user/DryMyBottom""> /u/DryMyBottom </a> <br /> <span><a href=""https://cointelegraph.com/news/bitcoin-likely-on-track-worst-november-in-7-years-analysts"">[link]</a></span> &#32; <span><a href=""https://www.reddit.com/r/CryptoCurrency/comments/1p8r3gq/bitcoin_set_for_promising_new_year_as_it_faces/"">[comments]</a></span>",https://www.reddit.com/r/CryptoCurrency/comments/1p8r3gq/bitcoin_set_for_promising_new_year_as_it_faces/
2025-11-28 10:01:11+00:00,coindesk,"Upbit Reveals 5.9B-Won Corporate Loss in Latest Hack, Fully Reimburses Users",,https://www.coindesk.com/markets/2025/11/28/upbit-reveals-5-9b-won-corporate-loss-in-latest-hack-fully-reimburses-users
2025-11-28 10:22:05+00:00,coindesk,Crypto Exchange KuCoin's European Arm Wins MiCA License in Austria,,https://www.coindesk.com/policy/2025/11/28/crypto-exchange-kucoin-s-european-arm-wins-mica-license-in-austria
2025-11-28 10:46:09+00:00,reddit_CryptoCurrency,Where can you pay with crypto?,"<!-- SC_OFF --><div class=""md""><p>Did you know you can already use crypto to pay for stuff in some industries? From travel to retail, more and more businesses are jumping on the crypto bandwagon.</p> <p>Check out this article to see where you can spend your Bitcoin and Ethereum right now! What do you think, are you using crypto in your daily life yet?</p> <p>PS: Article is in Dutch but you can translate in the browser. Worth reading, for sure.</p> </div><!-- SC_ON --> &#32; submitted by &#32; <a href=""https://www.reddit.com/user/jwipez""> /u/jwipez </a> <br /> <span><a href=""https://drimble.nl/partner-berichten/97593491/bij-deze-sectoren-kun-je-met-crypto-betalen.html"">[link]</a></span> &#32; <span><a href=""https://www.reddit.com/r/CryptoCurrency/comments/1p8rvof/where_can_you_pay_with_crypto/"">[comments]</a></span>",https://www.reddit.com/r/CryptoCurrency/comments/1p8rvof/where_can_you_pay_with_crypto/
2025-11-28 11:08:53+00:00,coindesk,BlackRockâ€™s Own Income Fund Boosts Bitcoin ETF Holdings 14%,,https://www.coindesk.com/markets/2025/11/28/blackrock-s-own-income-fund-boosts-bitcoin-etf-holdings-14
2025-11-28 11:28:15+00:00,coindesk,"Crypto Markets Today: Bitcoin Rebounds, but Downtrend Still Looms",,https://www.coindesk.com/markets/2025/11/28/crypto-markets-today-bitcoin-rebounds-but-downtrend-still-looms
2025-11-28 11:51:54+00:00,reddit_CryptoCurrency,Crypto industry pledges over $3M to victims of Hong Kongâ€™s deadliest fire in decades,"&#32; submitted by &#32; <a href=""https://www.reddit.com/user/Illperformance6969""> /u/Illperformance6969 </a> <br /> <span><a href=""https://cointelegraph.com/news/crypto-exchanges-3-2m-donations-hong-kong-fire"">[link]</a></span> &#32; <span><a href=""https://www.reddit.com/r/CryptoCurrency/comments/1p8sz7c/crypto_industry_pledges_over_3m_to_victims_of/"">[comments]</a></span>",https://www.reddit.com/r/CryptoCurrency/comments/1p8sz7c/crypto_industry_pledges_over_3m_to_victims_of/
2025-11-28 12:15:00+00:00,coindesk,Out of Breadth: Crypto Daybook Americas,,https://www.coindesk.com/daybook-us/2025/11/28/out-of-breadth-crypto-daybook-americas
2025-11-28 13:18:52+00:00,reddit_CryptoCurrency,Anyone familiar with these wallets???,"<table> <tr><td> <a href=""https://www.reddit.com/r/CryptoCurrency/comments/1p8un9u/anyone_familiar_with_these_wallets/""> <img alt=""Anyone familiar with these wallets???"" src=""https://b.thumbs.redditmedia.com/nh4NDW1OvIDvFkNQ_0QXjy9qapvR9fUOlpLloWLQltg.jpg"" title=""Anyone familiar with these wallets???"" /> </a> </td><td> <!-- SC_OFF --><div class=""md""><p>Some have debit cards inside them, but my interest here is in the withdrawal fees and the absence of KYC, which has become an excuse to block your withdrawal. Please let me know the fee if you know it, thank you!</p> <p>Some have low liquidity for certain types of currency, even though they are all listed on the Dogecoin website, there are some that do not allow Dogecoin swaps.</p> <p>If possible, please let me know if she can convert the cryptocurrency into any currency from any country, such as USD, EUR, etc.</p> <p><a href=""https://preview.redd.it/j42f052yyz3g1.png?width=4096&amp;format=png&amp;auto=webp&amp;s=354132dff9ce8b6f3c34ea3ae934c3d65e247f94"">https://preview.redd.it/j42f052yyz3g1.png?width=4096&amp;format=png&amp;auto=webp&amp;s=354132dff9ce8b6f3c34ea3ae934c3d65e247f94</a></p> </div><!-- SC_ON --> &#32; submitted by &#32; <a href=""https://www.reddit.com/user/Player_Neutral""> /u/Player_Neutral </a> <br /> <span><a href=""https://www.reddit.com/r/CryptoCurrency/comments/1p8un9u/anyone_familiar_with_these_wallets/"">[link]</a></span> &#32; <span><a href=""https://www.reddit.com/r/CryptoCurrency/comments/1p8un9u/anyone_familiar_with_these_wallets/"">[comments]</a></span> </td></tr></table>",https://www.reddit.com/r/CryptoCurrency/comments/1p8un9u/anyone_familiar_with_these_wallets/
2025-11-28 13:53:56+00:00,coindesk,"Bitcoin Dominance Defies Pattern During 30% Decline, Dropping Instead of Climbing",,https://www.coindesk.com/markets/2025/11/28/bitcoin-dominance-defies-pattern-during-30-decline-dropping-instead-of-climbing
2025-11-28 15:20:36+00:00,coindesk,Bitcoin in Modest Rally Mode After Thanksgiving as December Fed Rate Gets Locked In,,https://www.coindesk.com/markets/2025/11/28/crypto-miners-surge-as-bitcoin-climbs-and-fed-rate-cut-bets-rise
2025-11-28 16:11:39+00:00,reddit_CryptoCurrency,Anyone using blockchain for 'proof nothing got modified' logging?,"<!-- SC_OFF --><div class=""md""><p>Iâ€™m exploring whether blockchain could be a practical solution for creating tamper-proof system logs, mainly for compliance and audit-readiness. The idea is to ensure that once logs are written, thereâ€™s an immutable, verifiable trail that proves nothing was modified or deleted. </p> <p>I understand the underlying theory, hash chaining, decentralized verification, append-only records, etc. but Iâ€™m really interested in hearing from people who have actually implemented this in a real business environment. Did integrating blockchain into your logging or SIEM pipeline actually work in production? How was performance, operational overhead, and cost? </p> <p>Did you end up using a public chain, a private ledger, or something hybrid? And most importantly, was it reliable and compliant, or did it turn out to be slow, complex, or not worth the effort? </p> <p>Any real-world feedback or lessons learned would be super helpful.</p> </div><!-- SC_ON --> &#32; submitted by &#32; <a href=""https://www.reddit.com/user/KsmHD""> /u/KsmHD </a> <br /> <span><a href=""https://www.reddit.com/r/CryptoCurrency/comments/1p8ypm2/anyone_using_blockchain_for_proof_nothing_got/"">[link]</a></span> &#32; <span><a href=""https://www.reddit.com/r/CryptoCurrency/comments/1p8ypm2/anyone_using_blockchain_for_proof_nothing_got/"">[comments]</a></span>",https://www.reddit.com/r/CryptoCurrency/comments/1p8ypm2/anyone_using_blockchain_for_proof_nothing_got/
2025-11-28 17:14:20+00:00,coindesk,UK Government to Start Cracking Down on Crypto Tax Avoidance in January,,https://www.coindesk.com/policy/2025/11/28/uk-government-to-start-cracking-down-on-crypto-tax-avoidance-in-january
2025-11-28 17:24:45+00:00,coindesk,HBAR Rises 2.5% as Crypto Market Experiences Post-Thanksgiving Boost,,https://www.coindesk.com/markets/2025/11/28/hbar-rises-2-5-as-crypto-market-experiences-post-thanksgiving-boost
2025-11-28 18:08:35+00:00,reddit_CryptoCurrency,Crypto Opportunities: XRP and Bitcoin Pave the Way,"<table> <tr><td> <a href=""https://www.reddit.com/r/CryptoCurrency/comments/1p91q4s/crypto_opportunities_xrp_and_bitcoin_pave_the_way/""> <img alt=""Crypto Opportunities: XRP and Bitcoin Pave the Way"" src=""https://external-preview.redd.it/BXTpBCqavNDFGjVX_zKOpPINSfTPEg18nqDhZtPtdlE.jpeg?width=640&amp;crop=smart&amp;auto=webp&amp;s=edcd619f531ff77ad900600a8b3a2b64884a44a8"" title=""Crypto Opportunities: XRP and Bitcoin Pave the Way"" /> </a> </td><td> &#32; submitted by &#32; <a href=""https://www.reddit.com/user/DryMyBottom""> /u/DryMyBottom </a> <br /> <span><a href=""https://en.coin-turk.com/crypto-opportunities-xrp-and-bitcoin-pave-the-way/"">[link]</a></span> &#32; <span><a href=""https://www.reddit.com/r/CryptoCurrency/comments/1p91q4s/crypto_opportunities_xrp_and_bitcoin_pave_the_way/"">[comments]</a></span> </td></tr></table>",https://www.reddit.com/r/CryptoCurrency/comments/1p91q4s/crypto_opportunities_xrp_and_bitcoin_pave_the_way/
2025-11-28 18:18:06+00:00,reddit_CryptoCurrency,UK Government to Start Cracking Down on Crypto Tax Avoidance in January,"&#32; submitted by &#32; <a href=""https://www.reddit.com/user/KIG45""> /u/KIG45 </a> <br /> <span><a href=""https://www.coindesk.com/policy/2025/11/28/uk-government-to-start-cracking-down-on-crypto-tax-avoidance-in-january"">[link]</a></span> &#32; <span><a href=""https://www.reddit.com/r/CryptoCurrency/comments/1p91ywm/uk_government_to_start_cracking_down_on_crypto/"">[comments]</a></span>",https://www.reddit.com/r/CryptoCurrency/comments/1p91ywm/uk_government_to_start_cracking_down_on_crypto/
2025-11-28 18:49:41+00:00,reddit_CryptoCurrency,US Gov. House Official released a report revealing how President DJT and his family have transformed the presidency into a personal money-making operation through cryptocurrency schemes,"&#32; submitted by &#32; <a href=""https://www.reddit.com/user/Dongerated""> /u/Dongerated </a> <br /> <span><a href=""https://democrats-judiciary.house.gov/media-center/press-releases/new-report-exposes-the-trump-family-s-multi-billion-dollar-crypto-empire-fueled-by-self-dealing-and-corrupt-foreign-interests"">[link]</a></span> &#32; <span><a href=""https://www.reddit.com/r/CryptoCurrency/comments/1p92ror/us_gov_house_official_released_a_report_revealing/"">[comments]</a></span>",https://www.reddit.com/r/CryptoCurrency/comments/1p92ror/us_gov_house_official_released_a_report_revealing/
2025-11-28 19:25:03+00:00,reddit_CryptoCurrency,"To truly ""Be Your Own Bank,"" you must trust your code, not your vendor.","<!-- SC_OFF --><div class=""md""><p>We love to scream &quot;Be Your Own Bank,&quot; but most of us are hypocrites. We trust Coinbase to buy, Exodus to view, and we blindly trust that a Trezor or Ledger firmware update isn't going to leak our keys. We are still a slave to the &quot;big man.&quot; We simply swapped a banker for a developer we've never met. </p> <p>That's why I built the controversial <a href=""http://brainwallet.io"">brainwallet.io</a> 10 years ago (no reports of stolen or lost funds yet). I needed a tool that genereted keys that I could trust. What better way than to create your own simple tool.</p> <p>I just released a new version today which adds support for ETH and the Argon2id KDF. The security parameters are now aggressively memory-hard: 384MB RAM and 25 iterations. It takes my MacBook 12 seconds just to generate a single key pair. This intentional slowness, along with the mandatory salt, makes brute-forcing mathematically infeasible.</p> <p>This is my open-source contribution to the community: a verifiable, memory-hard option for those who truly believe in the &quot;Don't Trust, Verify&quot; ethos. Take it or leave it. I welcome anyone to audit the code to verify the security and the cryptographic parameters.</p> </div><!-- SC_ON --> &#32; submitted by &#32; <a href=""https://www.reddit.com/user/unchikuso""> /u/unchikuso </a> <br /> <span><a href=""https://brainwallet.io"">[link]</a></span> &#32; <span><a href=""https://www.reddit.com/r/CryptoCurrency/comments/1p93o91/to_truly_be_your_own_bank_you_must_trust_your/"">[comments]</a></span>",https://www.reddit.com/r/CryptoCurrency/comments/1p93o91/to_truly_be_your_own_bank_you_must_trust_your/
2025-11-28 19:31:27+00:00,reddit_CryptoCurrency,Uzbekistan to legalize stablecoin payments in January,"&#32; submitted by &#32; <a href=""https://www.reddit.com/user/kirtash93""> /u/kirtash93 </a> <br /> <span><a href=""https://www.cryptopolitan.com/uzbekistan-to-legalize-stablecoin-payments-in-january/"">[link]</a></span> &#32; <span><a href=""https://www.reddit.com/r/CryptoCurrency/comments/1p93tzk/uzbekistan_to_legalize_stablecoin_payments_in/"">[comments]</a></span>",https://www.reddit.com/r/CryptoCurrency/comments/1p93tzk/uzbekistan_to_legalize_stablecoin_payments_in/
2025-11-28 19:33:33+00:00,reddit_CryptoCurrency,Trumpâ€™s familyâ€™s $7bn crypto empire cracks as self-dealing and corruption allegations mount,"<table> <tr><td> <a href=""https://www.reddit.com/r/CryptoCurrency/comments/1p93vvi/trumps_familys_7bn_crypto_empire_cracks_as/""> <img alt=""Trumpâ€™s familyâ€™s $7bn crypto empire cracks as self-dealing and corruption allegations mount"" src=""https://external-preview.redd.it/q2y5oPFJBoRPasn7L1ZorF2P-J4L9_kerDFzpR8Hgig.jpeg?width=640&amp;crop=smart&amp;auto=webp&amp;s=cfa37807a8a6730c1e28a2519a304be12f8869c1"" title=""Trumpâ€™s familyâ€™s $7bn crypto empire cracks as self-dealing and corruption allegations mount"" /> </a> </td><td> &#32; submitted by &#32; <a href=""https://www.reddit.com/user/KIG45""> /u/KIG45 </a> <br /> <span><a href=""https://www.dlnews.com/articles/people-culture/trump-family-crypto-empire-under-pressure-as-self-dealing-and-corruption-allegations-mount/"">[link]</a></span> &#32; <span><a href=""https://www.reddit.com/r/CryptoCurrency/comments/1p93vvi/trumps_familys_7bn_crypto_empire_cracks_as/"">[comments]</a></span> </td></tr></table>",https://www.reddit.com/r/CryptoCurrency/comments/1p93vvi/trumps_familys_7bn_crypto_empire_cracks_as/
2025-11-28 20:35:46+00:00,reddit_CryptoCurrency,Optimism CEO Teases New Enterprise Strategy,"&#32; submitted by &#32; <a href=""https://www.reddit.com/user/kirtash93""> /u/kirtash93 </a> <br /> <span><a href=""https://thedefiant.io/news/blockchains/optimism-ceo-teases-new-enterprise-strategy"">[link]</a></span> &#32; <span><a href=""https://www.reddit.com/r/CryptoCurrency/comments/1p95enl/optimism_ceo_teases_new_enterprise_strategy/"">[comments]</a></span>",https://www.reddit.com/r/CryptoCurrency/comments/1p95enl/optimism_ceo_teases_new_enterprise_strategy/
2025-11-28 20:41:08+00:00,coindesk,European Asset Manager Amundi Debuts Tokenized Share Class on Ethereum,,https://www.coindesk.com/markets/2025/11/28/european-asset-manager-amundi-debuts-tokenized-share-class-on-ethereum
2025-11-28 20:46:19+00:00,coindesk,Brazilâ€™s Economic Center SÃ£o Paulo to Pilot Blockchain-Based Microloans for Farmers,,https://www.coindesk.com/business/2025/11/28/brazil-s-economic-center-sao-paulo-to-pilot-blockchain-based-microloans-for-farmers
2025-11-28 21:08:12+00:00,reddit_CryptoCurrency,Newfoundland rations power to hungry cryptocurrency miner,"&#32; submitted by &#32; <a href=""https://www.reddit.com/user/TheGreatCryptopo""> /u/TheGreatCryptopo </a> <br /> <span><a href=""https://ca.finance.yahoo.com/news/newfoundland-rations-power-hungry-cryptocurrency-204717068.html"">[link]</a></span> &#32; <span><a href=""https://www.reddit.com/r/CryptoCurrency/comments/1p966ak/newfoundland_rations_power_to_hungry/"">[comments]</a></span>",https://www.reddit.com/r/CryptoCurrency/comments/1p966ak/newfoundland_rations_power_to_hungry/
2025-11-28 21:08:26.655120+00:00,cointelegraph,News,,https://cointelegraph.com/news/institutional-slowdown-macro-shock-market-dip-podcast
2025-11-28 21:08:26.655660+00:00,cointelegraph,Altcoin Watch,,https://cointelegraph.com/news/five-xrp-charts-suggest-short-term-price-rally-2-80
2025-11-28 21:08:26.655706+00:00,cointelegraph,Markets News,,https://cointelegraph.com/news/crypto-bull-market-signal-ethereum-erc-20-stablecoin-supply-185b-record
2025-11-28 21:08:26.655739+00:00,cointelegraph,Market Analysis,,https://cointelegraph.com/news/btc-price-pauses-92k-dollars-can-bitcoin-avoid-another-crash
2025-11-28 21:08:26.655770+00:00,cointelegraph,News,,https://cointelegraph.com/news/bitcoin-likely-on-track-worst-november-in-7-years-analysts
2025-11-28 21:08:26.655804+00:00,cointelegraph,Market Analysis,,https://cointelegraph.com/news/eth-whales-cautious-as-data-shows-slim-chance-of-rally-to-dollar4k
2025-11-28 21:08:26.655834+00:00,cointelegraph,Market Analysis,,https://cointelegraph.com/news/eth-traders-ramp-up-positioning-setting-a-price-target-at-dollar3-4k
2025-11-28 21:08:26.655864+00:00,cointelegraph,Market Analysis,,https://cointelegraph.com/news/bitcoin-trades-above-dollar90k-here-s-what-bulls-must-do-to-extend-the-rally
2025-11-28 21:08:26.655893+00:00,cointelegraph,Video,,https://cointelegraph.com/news/bitcoin-short-term-rally-trader-alessio-rastani-video
2025-11-28 21:08:26.655921+00:00,cointelegraph,Altcoin Watch,,https://cointelegraph.com/news/solana-analysis-sol-price-unlikely-break-150-dollars
2025-11-28 21:08:26.655949+00:00,cointelegraph,How to,,https://cointelegraph.com/news/what-s-behind-the-surge-in-privacy-tokens-as-the-rest-of-the-market-weakens
2025-11-28 21:08:26.655977+00:00,cointelegraph,Market Update,,https://cointelegraph.com/news/bitcoin-significant-step-forward-97k-btc-price-targets-return
2025-11-28 21:08:26.656006+00:00,cointelegraph,Market Analysis,,https://cointelegraph.com/news/bitcoin-bounces-seven-day-high-can-btc-break-95k-thanksgiving
2025-11-28 21:08:26.656034+00:00,cointelegraph,Altcoin Watch,,https://cointelegraph.com/news/xrp-etfs-absorb-80m-tokens-is-this-the-start-of-a-bull-trend-for-the-altcoin
2025-11-28 21:08:26.656064+00:00,cointelegraph,"Chicago Mercantile Exchange halts trading, sparking public outcry",,https://cointelegraph.com/news/chicago-mercantile-exchange-halts-trading
2025-11-28 21:08:26.656092+00:00,cointelegraph,"Bitcoin price down 20%, stablecoin market cap down $2B: November in charts",,https://cointelegraph.com/news/bitcoin-price-down-stablecoin-november-in-charts
2025-11-28 21:08:27.775213+00:00,cointelegraph,News,,https://cointelegraph.com/news/polymarket-december-rate-cut-odds-crypto-stocks-climb
2025-11-28 21:08:27.775274+00:00,cointelegraph,News,,https://cointelegraph.com/news/fire-greenridge-mining-nydig-rigs
2025-11-28 21:08:27.775308+00:00,cointelegraph,Newsletter,,https://cointelegraph.com/news/cathie-wood-bullish-1-5m-bitcoin-price-target
2025-11-28 21:08:27.775404+00:00,cointelegraph,News,,https://cointelegraph.com/news/what-happened-in-crypto-today
2025-11-28 21:08:27.775434+00:00,cointelegraph,News,,https://cointelegraph.com/news/13-years-bitcoin-first-halving-state-of-mining-2025
2025-11-28 21:08:27.775489+00:00,cointelegraph,News,,https://cointelegraph.com/news/tether-confirms-bitcoin-mining-halt-uruguay
2025-11-28 21:08:27.775517+00:00,cointelegraph,News,,https://cointelegraph.com/news/hard-money-vs-privacy-saifedean-ammous-questions-privacy-push
2025-11-28 21:08:27.775604+00:00,cointelegraph,News,,https://cointelegraph.com/news/crypto-market-sentiment-levels-bitcoin-price-industry-anticipation
2025-11-28 21:08:27.775634+00:00,cointelegraph,News,,https://cointelegraph.com/news/bhutan-stakes-eth-figment-validator
2025-11-28 21:08:27.775663+00:00,cointelegraph,News,,https://cointelegraph.com/news/bitcoiners-accuse-jpmorgan-rigging-strategy-dats
